鄉鎮市區,交易標的,土地區段位置建物區段門牌,土地移轉總面積平方公尺,都市土地使用分區,非都市土地使用分區,非都市土地使用編定,交易年月日,交易筆棟數,移轉層次,總樓層數,建物型態,主要用途,主要建材,建築完成年月,建物移轉總面積平方公尺,建物現況格局-房,建物現況格局-廳,建物現況格局-衛,建物現況格局-隔間,有無管理組織,總價元,單價元平方公尺,車位類別,車位移轉總面積平方公尺,車位總價元,備註,編號,floor,parking,parking_price
萬華區,房地(土地+建物),臺北市萬華區成都路91~120號,4.49,商,,,1081206,土地1建物1車位0,五層,十四層,住宅大樓(11層含以上有電梯),住家用,鋼筋混凝土造,0961025,52.2,2,1,1,有,有,10500000,201149,,0.0,0,含增建或未登記建物。;,RPQNMLMLJHPFFBA37CA,14,0,0.0
大同區,房地(土地+建物),臺北市大同區民權西路211~240號,6.02,其他,,,1090107,土地3建物1車位0,十二層,十九層,住宅大樓(11層含以上有電梯),住家用,鋼筋混凝土造,1080625,63.45,2,2,1,有,有,14880000,234515,,0.0,0,,RPOPMLNJKHPFFBA37CA,19,0,0.0
內湖區,房地(土地+建物)+車位,臺北市內湖區新明路428巷1~30號,13.08,住,,,1081215,土地1建物1車位1,七層,二十層,住宅大樓(11層含以上有電梯),住家用,鋼筋混凝土造,1080506,111.38,2,1,1,有,有,17500000,157120,坡道平面,30.74,0,,RPTNMLMLJHPFFCA77CA,20,1,4829868.8
內湖區,房地(土地+建物)+車位,臺北市內湖區星雲街121~150號,32.06,住,,,1081126,土地1建物1車位1,十二層,十四層,住宅大樓(11層含以上有電梯),住家用,鋼筋混凝土造,0931222,229.0,4,2,3,有,有,50530000,220655,坡道平面,28.03,0,含增建或未登記建物。;,RPXNMLMLJHPFFCA18CA,14,1,6184959.65
中山區,房地(土地+建物),臺北市中山區中山北路一段91~120號,13.01,商,,,1080703,土地1建物2車位0,二十層,二十三層,住宅大樓(11層含以上有電梯),住家用,見其他登記事項,1060330,215.22,0,0,0,無,有,78800000,366137,,0.0,0,,RPQOMLRJKHPFFCA97CA,23,0,0.0
中山區,房地(土地+建物)+車位,臺北市中山區中山北路一段91~120號,11.77,商,,,1080703,土地1建物2車位2,二十層,二十三層,住宅大樓(11層含以上有電梯),住家用,見其他登記事項,1060330,232.14999999999998,0,0,0,無,有,69150000,402005,坡道平面,75.56,6200000,,RPROMLRJKHPFFCA08CA,23,2,30375497.8
內湖區,房地(土地+建物)+車位,臺北市內湖區民權東路六段180巷42弄1~30號,15.57,商,,,1081226,土地1建物1車位1,四層,十五層,住宅大樓(11層含以上有電梯),住家用,鋼筋混凝土造,1070718,204.41,3,2,2,有,有,40000000,226786,坡道平面,41.04,2950000,,RPTNMLKKKHPFFCA57CA,15,1,9307297.44
內湖區,房地(土地+建物)+車位,臺北市內湖區內湖路三段1~30號,38.49,住,,,1081115,土地2建物1車位1,三層,十五層,住宅大樓(11層含以上有電梯),住家用,鋼筋混凝土造,1080418,240.32,4,2,3,有,無,41080000,170939,坡道平面,38.92,0,,RPXPMLKKKHPFFCA18CA,15,1,6652945.88
內湖區,房地(土地+建物)+車位,臺北市內湖區內湖路二段421~450號,10.38,商,,,1090114,土地1建物1車位1,十四層,十五層,住宅大樓(11層含以上有電梯),住家用,鋼筋混凝土造,1070327,114.96,2,1,1,有,有,32000000,296355,升降機械,13.73,2000000,含未登記露臺,RPROMLNJLHPFFCA77CA,15,1,4068954.15
內湖區,房地(土地+建物)+車位,臺北市內湖區內湖路一段411巷61~90號,78.42,住,,,1010719,土地2建物1車位5,五層,二十八層,住宅大樓(11層含以上有電梯),住家用,鋼骨鋼筋混凝土造,1051026,596.95,0,0,0,無,有,116970000,223333,坡道平面,127.83,12200000,親友、員工或其他特殊關係間之交易。;.本案係預售屋買賣108/12/26轉讓.停車位5位及全體區分所有權人共用4位,RPPOMLRLKHPFFCA08CA,28,5,28548657.39
大安區,房地(土地+建物),臺北市大安區復興南路二段171巷31~60號,21.91,住,,,1081212,土地1建物1車位0,四層,十七層,住宅大樓(11層含以上有電梯),住家用,鋼筋混凝土造,0740522,113.11,3,2,2,有,有,23500000,207781,,0.0,0,,RPUNMLOKKHPFFFA38CA,17,0,0.0
大同區,房地(土地+建物),臺北市大同區寧夏路1~30號,4.18,商,,,1081231,土地1建物1車位0,十二層,十四層,住宅大樓(11層含以上有電梯),住家用,鋼筋混凝土造,0851028,46.34,1,1,1,有,無,8000000,172637,,0.0,0,受債權債務影響或債務抵償之交易。;,RPRPMLLLJHPFFBA67DA,14,0,0.0
中山區,房地(土地+建物),臺北市中山區市民大道三段151~180號,8.91,住,,,1081221,土地1建物1車位0,六層,十三層,住宅大樓(11層含以上有電梯),住家用,鋼筋混凝土造,0970602,68.5,2,1,1,有,有,12000000,175182,,0.0,0,含增建或未登記建物。;,RPUOMLMLJHPFFCA08DA,13,0,0.0
大安區,房地(土地+建物)+車位,臺北市大安區和平東路三段391~420號,16.43,住,,,1081214,土地2建物1車位1,十二層,十四層,住宅大樓(11層含以上有電梯),住家用,鋼筋混凝土造,0951113,115.75999999999999,1,1,1,有,有,18450000,159381,坡道平面,0.0,0,含增建或未登記建物。;,RPQOMLKMJHPFFFA77CA,14,1,0.0
松山區,房地(土地+建物)+車位,臺北市松山區南京東路五段151~180號,15.21,商,,,1081202,土地2建物1車位1,十四層,十六層,住宅大樓(11層含以上有電梯),住家用,鋼筋混凝土造,0760526,162.32999999999998,3,2,2,有,有,33880000,208711,坡道平面,0.0,0,,RPXOMLRKKHPFFDA88CA,16,1,0.0
信義區,房地(土地+建物),臺北市信義區嘉興街301~330號,6.87,住,,,1081215,土地3建物1車位0,七層,十六層,住宅大樓(11層含以上有電梯),住家用,鋼筋混凝土造,0840216,65.14,2,2,1,有,有,14000000,214922,,0.0,0,含增建或未登記建物。;,RPPNMLKKKHPFFDA27CA,16,0,0.0
內湖區,房地(土地+建物)+車位,臺北市內湖區內湖路一段411巷61~90號,77.46,住,,,1010719,土地2建物1車位5,五層,二十八層,住宅大樓(11層含以上有電梯),住家用,鋼骨鋼筋混凝土造,1051026,591.8399999999999,0,0,0,無,有,110140000,217969,坡道平面,127.83,9000000,親友、員工或其他特殊關係間之交易。;本案係預售屋買賣108/12/26轉讓.停車位5位及全體區分所有權人共用4位,RPROMLRLKHPFFCA28CA,28,5,27862977.27
萬華區,房地(土地+建物)+車位,臺北市萬華區中華路二段416巷31~60號,53.48,住,,,1081227,土地1建物1車位1,十一層,十四層,住宅大樓(11層含以上有電梯),住家用,鋼筋混凝土造,1020702,206.68,4,2,2,有,有,32500000,157248,坡道平面,0.0,0,,RPWNMLLMJHPFFBA97CA,14,1,0.0
大同區,房地(土地+建物)+車位,臺北市大同區昌吉街1~30號,29.87,住,,,1081231,土地1建物1車位2,六層,十四層,住宅大樓(11層含以上有電梯),住家用,鋼筋混凝土造,1010112,284.21,3,2,2,有,有,43600000,153408,坡道平面,0.0,0,,RPWOMLKMJHPFFBA97CA,14,2,0.0
大同區,房地(土地+建物)+車位,臺北市大同區延平北路三段1~30號,9.65,其他,,,1081202,土地3建物1車位1,五層,十九層,住宅大樓(11層含以上有電梯),住家用,鋼筋混凝土造,1080625,121.67999999999999,2,2,1,有,有,24600000,202170,坡道機械,19.67,0,,RPXOMLNJKHPFFBA18CA,19,1,3976683.9000000004
南港區,房地(土地+建物)+車位,臺北市南港區東明街1~30號,32.05,住,,,1081229,土地1建物1車位1,七層,十五層,住宅大樓(11層含以上有電梯),住家用,鋼筋混凝土造,0980312,186.27999999999997,4,2,2,有,有,36500000,195942,坡道平面,38.76,0,,RPVNMLLMJHPFFDA08CA,15,1,7594711.92
北投區,房地(土地+建物)+車位,臺北市北投區中央北路三段31~60號,25.83,商,,,1090103,土地1建物1車位1,五層,十四層,住宅大樓(11層含以上有電梯),住家用,鋼筋混凝土造,0940728,150.44,4,2,2,有,有,22200000,147567,坡道平面,33.44,0,含增建或未登記建物。;,RPTNMLLMJHPFFEA97CA,14,1,4934640.4799999995
北投區,房地(土地+建物),臺北市北投區中和街1~30號,9.3,其他,,,1081229,土地4建物1車位0,十六層,十七層,住宅大樓(11層含以上有電梯),住家用,鋼筋混凝土造,0890329,76.3,1,1,1,有,有,13000000,170380,,0.0,0,含增建或未登記建物。;,RPUNMLLMJHPFFEA08CA,17,0,0.0
北投區,房地(土地+建物)+車位,臺北市北投區溫泉路31~60號,21.93,住,,,1081207,土地1建物1車位1,七層,十三層,住宅大樓(11層含以上有電梯),住家用,鋼筋混凝土造,0990329,135.63,3,2,1,有,有,15350000,113184,坡道平面,35.9,0,親友、員工或其他特殊關係間之交易。;,RPUPMLMKKHPFFEA28CA,13,1,4063305.5999999996
中正區,房地(土地+建物)+車位,臺北市中正區水源路91~120號,14.34,商,,,1081209,土地2建物1車位1,二層,十五層,住宅大樓(11層含以上有電梯),住家用,鋼筋混凝土造,0960302,181.04000000000002,4,2,2,有,有,22100000,126944,坡道平面,30.58,3000000,含增建或未登記建物。,RPRNMLOJKHPFFAA57DA,15,1,3881947.5199999996
內湖區,房地(土地+建物)+車位,臺北市內湖區星雲街161巷1~30號,21.88,住,,,1081212,土地1建物1車位1,七層,十四層,住宅大樓(11層含以上有電梯),住家用,鋼筋混凝土造,0940712,139.16,2,2,2,有,有,25800000,231610,坡道平面,38.56,2500000,含增建或未登記建物。登記2人所有。,RPVPMLLMJHPFFCA28DA,14,1,8930881.6
北投區,房地(土地+建物)+車位,臺北市北投區三合街二段421~450號,24.26,住,,,1081215,土地1建物1車位1,十七層，十八層,十八層,住宅大樓(11層含以上有電梯),住家用,鋼筋混凝土造,0870714,123.30000000000001,4,2,1,有,有,18800000,152474,坡道平面,0.0,2500000,含增建或未登記建物、權利人二人,RPPPMLLMJHPFFEA87DA,18,1,0.0
大安區,房地(土地+建物),臺北市大安區臥龍街271~300號,14.55,住,,,1081203,土地1建物1車位0,九層,十四層,住宅大樓(11層含以上有電梯),住家用,鋼筋混凝土造,0871201,59.989999999999995,3,1,1,有,有,12380000,206368,,0.0,0,含增建或未登記建物。,RPROMLOJKHPFFFA18DA,14,0,0.0
信義區,房地(土地+建物)+車位,臺北市信義區基隆路二段151~180號,10.93,商,,,1081217,土地2建物2車位1,四層,十五層,住宅大樓(11層含以上有電梯),住家用,鋼筋混凝土造,0990901,150.26999999999998,2,1,1,有,有,33500000,222932,坡道機械,0.0,0,,RPTPMLLLKHPFFDA08CA,15,1,0.0
南港區,房地(土地+建物),臺北市南港區經貿二路157巷31~60號,54.69,住,,,1081206,土地1建物1車位0,十六層,二十三層,住宅大樓(11層含以上有電梯),住家用,鋼筋混凝土造,1010716,346.78,3,2,2,有,有,78000000,224926,,0.0,0,,RPOOMLNJKHPFFDA47CA,23,0,0.0
內湖區,房地(土地+建物)+車位,臺北市內湖區內湖路三段60巷31~60號,25.3,住,,,1081231,土地1建物1車位1,五層,十九層,住宅大樓(11層含以上有電梯),住家用,鋼筋混凝土造,1060407,189.36,3,2,2,有,無,33060000,193665,坡道平面,28.98,2000000,,RPTNMLNJKHPFFCA77CA,19,1,5612411.7
西區,房地(土地+建物)+車位,臺中市西區五權西四街1~30號,11.28,住,,,1081214,土地3建物1車位1,二十六層,二十九層,住宅大樓(11層含以上有電梯),住家用,鋼筋混凝土造,0890803,222.61,3,2,2,有,有,17000000,75863,坡道平面,14.34,1200000,,RPQPMLOJKHPFFAB67CA,29,1,1087875.42
南區,房地(土地+建物),臺中市南區五權南路601~630號,12.15,其他,,,1081218,土地1建物1車位0,九層,十四層,住宅大樓(11層含以上有電梯),住家用,鋼筋混凝土造,0811023,103.27,3,2,2,有,有,4000000,38733,,0.0,0,含增建或未登記建物,RPWPMLRJKHPFFAB58CA,14,0,0.0
北區,房地(土地+建物),臺中市北區文心路四段181~210號,6.82,住,,,1081221,土地1建物1車位0,六層,十四層,住宅大樓(11層含以上有電梯),住家用,鋼筋混凝土造,0951225,65.60000000000001,1,1,1,有,有,4400000,67073,,0.0,0,含增建或未登記建物。;,RPRNMLLMJHPFFBB57CA,14,0,0.0
北區,房地(土地+建物)+車位,臺中市北區進化北路361~390號,14.93,商,,,1081213,土地1建物1車位1,十層,二十二層,住宅大樓(11層含以上有電梯),住家用,鋼筋混凝土造,0841215,232.42000000000002,3,2,2,有,有,9000000,38723,坡道平面,0.0,0,,RPPNMLLKKHPFFBB27CA,22,1,0.0
北屯區,房地(土地+建物),臺中市北屯區敦化路一段571~600號,12.64,其他,,,1081217,土地1建物1車位0,十四層,十六層,住宅大樓(11層含以上有電梯),住家用,鋼筋混凝土造,0830415,113.66000000000001,3,2,2,有,有,6330000,55692,,0.0,0,,RPVNMLPKKHPFFBB28CA,16,0,0.0
西屯區,房地(土地+建物)+車位,臺中市西屯區上石路181巷1~30號,21.11,商,,,1081125,土地5建物1車位1,五層,十四層,住宅大樓(11層含以上有電梯),住家用,鋼筋混凝土造,0951003,221.19,3,2,2,有,有,14800000,66911,坡道平面,28.06,0,親友、員工或其他特殊關係間之交易。;,RPROMLMLJHPFFCB77CA,14,1,1877522.66
南屯區,房地(土地+建物)+車位,臺中市南屯區河南路四段690巷1~30號,24.38,住,,,1081207,土地1建物1車位2,二層,十四層,住宅大樓(11層含以上有電梯),住家用,鋼筋混凝土造,0950222,255.68,4,2,2,有,有,15750000,61600,坡道平面,45.8,0,,RPQSMLMLJHPFFCB08CA,14,2,2821280.0
南屯區,房地(土地+建物)+車位,臺中市南屯區保安三街31~60號,19.5,住,,,1081211,土地1建物1車位1,八層,十四層,住宅大樓(11層含以上有電梯),住家用,鋼筋混凝土造,0891109,141.26,3,2,2,有,有,8800000,62296,坡道平面,15.0,0,,RPPOMLNJKHPFFCB57CA,14,1,934440.0
西屯區,房地(土地+建物)+車位,臺中市西屯區皇城街1~30號,33.5,住,,,1080930,土地1建物1車位1,十二層,十四層,住宅大樓(11層含以上有電梯),住家用,鋼筋混凝土造,0961226,212.07,4,2,2,有,有,10680000,50361,坡道平面,0.0,0,,RPSPMLOJKHPFFCB08CA,14,1,0.0
南屯區,房地(土地+建物)+車位,臺中市南屯區大墩六街421~450號,51.91,住,,,1081208,土地1建物1車位3,六層，七層,十四層,住宅大樓(11層含以上有電梯),住家用,鋼筋混凝土造,1010713,402.48,4,2,3,有,有,33200000,82489,坡道平面,108.12,0,,RPPPMLKKKHPFFCB47CA,14,3,8918710.68
西屯區,房地(土地+建物),臺中市西屯區上石路151~180號,5.15,住,,,1090106,土地1建物1車位0,四層,十四層,住宅大樓(11層含以上有電梯),住家用,鋼筋混凝土造,0850509,60.14,1,1,1,有,無,3500000,58198,,0.0,0,,RPOOMLOKKHPFFCB67CA,14,0,0.0
南屯區,房地(土地+建物)+車位,臺中市南屯區東興路一段361~390號,45.14,住,,,1081220,土地1建物1車位3,七層,十五層,住宅大樓(11層含以上有電梯),住家用,鋼筋混凝土造,1011018,344.03999999999996,3,2,2,有,有,27800000,80805,坡道平面,105.87,0,,RPOOMLMJKHPFFCB47DA,15,3,8554825.35
潭子區,房地(土地+建物)+車位,臺中市潭子區中山路一段1~30號,11.21,住,,,1081215,土地1建物1車位1,十層,二十五層,住宅大樓(11層含以上有電梯),住家用,鋼筋混凝土造,0831205,139.87,3,2,2,有,有,6550000,46829,坡道機械,0.0,0,,RPTNMLQJKHPFFHB68CA,25,1,0.0
潭子區,房地(土地+建物),臺中市潭子區頭張路一段117巷17弄1~30號,12.61,住,,,1081223,土地1建物1車位0,八層,十三層,住宅大樓(11層含以上有電梯),住家用,鋼筋混凝土造,0820511,112.1,3,2,2,有,有,5390000,48082,,0.0,0,,RPTNMLKMJHPFFHB28CA,13,0,0.0
西屯區,房地(土地+建物)+車位,臺中市西屯區市政路151~180號,24.14,商,,,1081224,土地1建物1車位2,十六層,三十八層,住宅大樓(11層含以上有電梯),住家用,鋼骨鋼筋混凝土造,1030805,377.56,4,2,3,有,有,39900000,107206,坡道平面,38.96,3600000,,RPUPMLKKKHPFFCB97CA,38,2,4176745.7600000002
西屯區,房地(土地+建物)+車位,臺中市西屯區國安一路121~150號,9.84,住,,,1081223,土地1建物1車位1,十五層,二十四層,住宅大樓(11層含以上有電梯),住家用,鋼筋混凝土造,0991119,119.78,2,2,1,有,有,10080000,90051,坡道平面,22.28,1300000,含增建或未登記建物。,RPVOMLRJKHPFFCB58CA,24,1,2006336.28
南屯區,房地(土地+建物)+車位,臺中市南屯區大業路541~570號,12.14,住,,,1081222,土地1建物1車位1,十三層,十四層,住宅大樓(11層含以上有電梯),住家用,鋼筋混凝土造,0871203,147.22,3,2,2,有,有,9300000,63171,坡道平面,12.94,0,,RPUPMLPJKHPFFCB38CA,14,1,817432.74
西屯區,房地(土地+建物)+車位,臺中市西屯區國安一路31~60號,12.28,住,,,1081226,土地1建物1車位1,三層,十五層,住宅大樓(11層含以上有電梯),住家用,鋼筋混凝土造,0960108,111.72999999999999,2,2,1,有,無,7680000,68737,坡道平面,0.0,0,,RPTOMLKKKHPFFCB77CA,15,1,0.0
西屯區,房地(土地+建物)+車位,臺中市西屯區市政路31~60號,33.81,其他,,,1081209,土地1建物1車位3,二十層,二十二層,住宅大樓(11層含以上有電梯),住家用,鋼筋混凝土造,1010927,461.43,4,2,3,有,有,50000000,108359,坡道平面,133.83,0,親友、員工或其他特殊關係間之交易。;,RPSNMLNJKHPFFCB77CA,22,3,14501684.97
西屯區,房地(土地+建物)+車位,臺中市西屯區臺灣大道三段61~90號,7.43,住,,,1081222,土地1建物1車位1,十九層,二十二層,住宅大樓(11層含以上有電梯),住家用,鋼筋混凝土造,0950816,127.67,3,2,2,有,有,10400000,82493,坡道機械,18.57,1400000,含增建或未登記建物。,RPTNMLNJKHPFFCB87CA,22,1,1531895.01
北屯區,房地(土地+建物)+車位,臺中市北屯區東山路一段121~150號,17.76,住,,,1090106,土地1建物1車位1,十二層,十五層,住宅大樓(11層含以上有電梯),住家用,鋼筋混凝土造,0860628,187.31,5,2,2,有,有,9500000,50718,坡道平面,0.0,0,,RPQOMLRJKHPFFBB97CA,15,1,0.0
南區,房地(土地+建物)+車位,臺中市南區高工路91~120號,15.69,住,,,1081213,土地2建物1車位1,九層,十三層,住宅大樓(11層含以上有電梯),住家用,鋼筋混凝土造,0870415,154.25,3,2,2,有,有,6820000,44214,坡道機械,4.67,0,含增建或未登記建物。;,RPWNMLNJKHPFFAB97CA,13,1,206479.38
南區,房地(土地+建物)+車位,臺中市南區忠明南路730巷31~60號,22.92,住,,,1090103,土地1建物1車位1,十三層,十四層,住宅大樓(11層含以上有電梯),住家用,鋼筋混凝土造,0811120,178.56,3,2,2,有,有,7800000,43680,坡道機械,0.0,0,含增建或未登記建物。;,RPTOMLQJKHPFFAB08CA,14,1,0.0
西區,房地(土地+建物)+車位,臺中市西區五權西四街1~30號,19.85,住,,,1081226,土地3建物1車位4,二十八層,二十九層,住宅大樓(11層含以上有電梯),住家用,鋼筋混凝土造,0890803,425.17999999999995,5,2,3,有,無,25000000,58799,坡道平面,61.74,0,親友、員工或其他特殊關係間之交易。;,RPXOMLTKKHPFFAB88CA,29,4,3630250.2600000002
北屯區,房地(土地+建物)+車位,臺中市北屯區遼寧路一段160巷1~30號,10.82,住,,,1081207,土地2建物1車位1,十層,十四層,住宅大樓(11層含以上有電梯),住家用,鋼筋混凝土造,0890218,97.30000000000001,2,2,1,有,有,5920000,60843,坡道機械,0.0,0,含增建或未登記建物。;,RPTNMLNJKHPFFBB77CA,14,1,0.0
北區,房地(土地+建物)+車位,臺中市北區東光東街61~90號,11.26,住,,,1081231,土地1建物1車位1,十一層,十七層,住宅大樓(11層含以上有電梯),住家用,鋼筋混凝土造,0831214,88.36,3,2,1,有,有,3900000,44138,坡道機械,0.0,0,,RPSPMLQJKHPFFBB18CA,17,1,0.0
北區,房地(土地+建物),臺中市北區健行路421~450號,4.32,住,,,1081228,土地1建物1車位0,十五層,十六層,住宅大樓(11層含以上有電梯),住家用,鋼筋混凝土造,0840526,34.08,0,0,0,無,有,1700000,49883,,0.0,0,,RPTPMLQJKHPFFBB28CA,16,0,0.0
北屯區,房地(土地+建物)+車位,臺中市北屯區軍福七路151~180號,23.25,住,,,1081222,土地1建物1車位2,十一層,十五層,住宅大樓(11層含以上有電梯),住家用,鋼筋混凝土造,1031106,205.87,3,2,2,有,有,13800000,67033,坡道平面,55.06,0,,RPTOMLPKKHPFFBB18CA,15,2,3690836.98
北屯區,房地(土地+建物)+車位,臺中市北屯區建和路一段421~450號,17.15,住,,,1090103,土地1建物1車位1,四層,十四層,住宅大樓(11層含以上有電梯),住家用,鋼筋混凝土造,1030923,119.02000000000001,2,1,1,有,有,6480000,54445,坡道機械,0.0,0,,RPONNLQLKHPFFBB87CA,14,1,0.0
南屯區,房地(土地+建物)+車位,臺中市南屯區大業路151~180號,30.17,住,,,1081231,土地1建物2車位1,九層,十五層,住宅大樓(11層含以上有電梯),住家用,鋼筋混凝土造,0791120,283.19,4,2,3,有,有,19500000,68861,坡道平面,0.0,0,含增建或未登記建物。;,RPVNMLLMJHPFFCB08CA,15,1,0.0
西屯區,房地(土地+建物),臺中市西屯區永福路61~90號,12.56,住,,,1081212,土地1建物1車位0,十層,十四層,住宅大樓(11層含以上有電梯),住家用,鋼筋混凝土造,0820817,122.2,3,2,2,有,有,7000000,57283,,0.0,0,,RPPSMLLMJHPFFCB97CA,14,0,0.0
南屯區,房地(土地+建物)+車位,臺中市南屯區豐富路181~210號,30.33,住,,,1081225,土地1建物1車位2,十四層,十五層,住宅大樓(11層含以上有電梯),住家用,鋼筋混凝土造,0980330,292.26,4,2,2,有,有,27000000,92383,坡道平面,59.18,0,,RPPQMLLMJHPFFCB77CA,15,2,5467225.94
西屯區,房地(土地+建物),臺中市西屯區福安路55巷1~30號,16.5,住,,,1081124,土地1建物1車位0,二層,十三層,住宅大樓(11層含以上有電梯),住家用,鋼筋混凝土造,0880206,135.69,4,2,2,有,有,7900000,58221,,0.0,0,,RPXOMLNJKHPFFCB38CA,13,0,0.0
南屯區,房地(土地+建物)+車位,臺中市南屯區文心南五路一段181~210號,26.41,住,,,1081215,土地1建物1車位2,十三層,十四層,住宅大樓(11層含以上有電梯),住家用,鋼筋混凝土造,0980123,226.82999999999998,3,2,2,有,有,18700000,82441,坡道平面,51.52,0,,RPQNMLNJKHPFFCB57CA,14,2,4247360.32
西屯區,房地(土地+建物)+車位,臺中市西屯區河南路三段151~180號,29.11,其他,,,1081110,土地1建物1車位2,十層,十五層,住宅大樓(11層含以上有電梯),住家用,鋼筋混凝土造,0970627,282.81,4,2,2,有,有,27600000,105457,坡道平面,49.54,3000000,,RPXPMLKKKHPFFCB28CA,15,2,5224339.78
西屯區,房地(土地+建物)+車位,臺中市西屯區臺灣大道三段61~90號,7.98,住,,,1081220,土地1建物1車位1,十五層,二十二層,住宅大樓(11層含以上有電梯),住家用,鋼筋混凝土造,0950816,145.98000000000002,3,2,2,有,有,11330000,76352,坡道平面,36.88,3000000,含增建或未登記建物。;,RPSOMLRJKHPFFCB28CA,22,1,2815861.7600000002
西屯區,房地(土地+建物)+車位,臺中市西屯區臺灣大道二段841~870號,17.26,商,,,1081231,土地1建物1車位2,十六層,二十四層,住宅大樓(11層含以上有電梯),住家用,鋼筋混凝土造,1001228,254.2,4,2,2,有,有,21500000,84579,坡道平面,49.9,0,,RPWPMLNKKHPFFCB48CA,24,2,4220492.1
豐原區,房地(土地+建物),臺中市豐原區中正路695巷1~30號,10.04,住,,,1081230,土地1建物1車位0,十五層,十六層,住宅大樓(11層含以上有電梯),住家用,鋼筋混凝土造,0820208,98.47999999999999,3,2,2,有,有,3600000,36556,,0.0,0,,RPPOMLKMJHPFFDB57CA,16,0,0.0
西屯區,房地(土地+建物)+車位,臺中市西屯區東興路三段301~330號,14.98,住,,,1090104,土地1建物1車位1,十層,十四層,住宅大樓(11層含以上有電梯),住家用,鋼筋混凝土造,0900713,202.43,4,2,2,有,有,15300000,75582,坡道平面,14.97,0,含增建或未登記建物。;,RPSOMLRLKHPFFCB48CA,14,1,1131462.54
西屯區,房地(土地+建物),臺中市西屯區中工二路91~120號,11.58,住,,,1081231,土地1建物1車位0,十三層,十三層,住宅大樓(11層含以上有電梯),住家用,鋼筋混凝土造,0830705,98.22,2,2,2,有,有,5200000,52942,,0.0,0,,RPQNMLMJLHPFFCB57CA,13,0,0.0
西屯區,房地(土地+建物)+車位,臺中市西屯區西苑一街61~90號,30.01,住,,,1081231,土地2建物1車位2,八層,十七層,住宅大樓(11層含以上有電梯),住家用,鋼筋混凝土造,1031215,279.19,3,2,1,有,有,22000000,78799,坡道平面,68.22,0,,RPSPMLNKKHPFFCB08CA,17,2,5375667.78
西屯區,房地(土地+建物)+車位,臺中市西屯區西屯路三段151~180號,13.73,住,,,1081214,土地1建物1車位1,七層,十六層,住宅大樓(11層含以上有電梯),住家用,鋼筋混凝土造,0801211,134.28,3,2,2,有,有,7680000,57194,坡道機械,0.0,0,含增建或未登記建物。,RPPNMLSJKHPFFCB97CA,16,1,0.0
西屯區,房地(土地+建物)+車位,臺中市西屯區逢大路61~90號,39.7,住,,,1081229,土地1建物1車位1,七層,十四層,住宅大樓(11層含以上有電梯),住家用,鋼筋混凝土造,0940704,189.60000000000002,3,2,2,有,有,9100000,47996,坡道平面,0.0,0,,RPRNMLLMJHPFFCB67CA,14,1,0.0
北屯區,房地(土地+建物)+車位,臺中市北屯區柳陽西街61~90號,11.6,住,,,1090102,土地1建物1車位1,十一層,十四層,住宅大樓(11層含以上有電梯),住家用,鋼筋混凝土造,1010814,114.75,2,2,1,有,有,7900000,68845,坡道機械,12.56,0,,RPWQMLOKKHPFFBB58CA,14,1,864693.2000000001
東區,房地(土地+建物),臺中市東區旱溪東路一段1~30號,16.34,住,,,1081230,土地1建物1車位0,五層,十五層,住宅大樓(11層含以上有電梯),住家用,鋼筋混凝土造,0810825,134.01,3,2,2,有,無,5250000,39176,,0.0,0,,RPVOMLOJKHPFFAB08CA,15,0,0.0
南區,房地(土地+建物)+車位,臺中市南區德富路121~150號,11.28,其他,,,1090110,土地1建物1車位1,三層,十四層,住宅大樓(11層含以上有電梯),住家用,鋼筋混凝土造,0890518,144.07,3,2,2,有,有,8600000,59693,坡道平面,26.63,0,,RPQOMLNJKHPFFAB47CA,14,1,1589624.5899999999
鼓山區,房地(土地+建物)+車位,高雄市鼓山區龍子里大順一路601~630號,18.08,商,,,1081221,土地1建物1車位1,二十四層,二十四層,住宅大樓(11層含以上有電梯),住家用,鋼筋混凝土造,1020409,277.34000000000003,3,2,2,有,有,20700000,74638,坡道平面,26.77,0,,RPTOMLQJKHPFFAE38CA,24,1,1998059.26
苓雅區,房地(土地+建物),高雄市苓雅區新光路62巷1~30號,5.16,商,,,1081231,土地1建物1車位0,十層,三十五層,住宅大樓(11層含以上有電梯),住家用,鋼筋混凝土造,0860421,120.61,3,2,2,有,有,4200000,34823,,0.0,0,,RPSOMLKKKHPFFBE87CA,35,0,0.0
苓雅區,房地(土地+建物)+車位,高雄市苓雅區仁德街1~30號,8.57,商,,,1081231,土地1建物1車位1,十一層,十四層,住宅大樓(11層含以上有電梯),住家用,鋼筋混凝土造,0921128,92.52,2,2,1,有,有,6500000,70255,坡道機械,5.14,0,,RPRNMLNJKHPFFBE87CA,14,1,361110.69999999995
左營區,房地(土地+建物),高雄市左營區大中二路624巷1~30號,8.03,住,,,1081222,土地1建物1車位0,七層,二十四層,住宅大樓(11層含以上有電梯),住家用,鋼筋混凝土造,0841020,102.17,2,2,2,有,有,4000000,39150,,0.0,0,,RPOPMLMLJHPFFEE08CA,24,0,0.0
左營區,房地(土地+建物)+車位,高雄市左營區介壽路221巷1~30號,25.04,住,,,1081212,土地1建物1車位1,八層,十三層,住宅大樓(11層含以上有電梯),住家用,鋼筋混凝土造,1000916,135.14,3,2,2,有,有,7400000,54758,坡道平面,13.95,0,,RPOOMLKMJHPFFEE87CA,13,1,763874.1
鳳山區,房地(土地+建物)+車位,高雄市鳳山區新富路571~600號,10.32,住,,,1081216,土地1建物1車位1,十四層,十四層,住宅大樓(11層含以上有電梯),住家用,鋼筋混凝土造,0881020,147.36,3,2,2,有,有,6100000,41395,坡道機械,0.0,0,,RPVQMLLLJHPFFGE98CA,14,1,0.0
前鎮區,房地(土地+建物)+車位,高雄市前鎮區三多三路61~90號,25.47,商,,,1080928,土地1建物1車位0,十四層，夾層,十四層,住宅大樓(11層含以上有電梯),住家用,鋼筋混凝土造,0940504,342.57,5,2,4,有,有,18800000,54879,坡道平面,0.0,0,,RPPNMLKLJHPFFCE87CD,14,0,0.0
鳳山區,房地(土地+建物)+車位,高雄市鳳山區凱旋路211~240號,16.46,住,,,1081212,土地1建物1車位1,十層,十九層,住宅大樓(11層含以上有電梯),住家用,鋼筋混凝土造,0840608,157.07999999999998,3,2,2,有,有,5900000,37560,坡道平面,0.0,0,附家電傢俱。,RPQOMLMKKHPFFGE38CA,19,1,0.0
鳳山區,房地(土地+建物)+車位,高雄市鳳山區中山西路91~120號,12.84,住,,,1081228,土地4建物1車位1,七層,十六層,住宅大樓(11層含以上有電梯),住家用,鋼筋混凝土造,0860102,134.34,3,2,2,有,有,5080000,37815,坡道機械,0.0,0,,RPPOMLRJKHPFFGE68CA,16,1,0.0
楠梓區,房地(土地+建物),高雄市楠梓區楠梓新路261巷1~30號,9.23,住,,,1081221,土地1建物1車位0,十三層,十九層,住宅大樓(11層含以上有電梯),住家用,鋼筋混凝土造,0830628,108.28,3,2,2,有,有,3400000,31400,,0.0,0,含增建或未登記建物。;附家電傢俱。,RPQOMLMKKHPFFEE18CA,19,0,0.0
左營區,房地(土地+建物)+車位,高雄市左營區崇德路31~60號,11.63,商,,,1081204,土地1建物1車位1,十二層,十五層,住宅大樓(11層含以上有電梯),住家用,鋼筋混凝土造,0970103,149.18,3,2,2,有,有,9800000,65692,坡道平面,17.1,0,,RPWNMLKKKHPFFEE48CA,15,1,1123333.2000000002
左營區,房地(土地+建物)+車位,高雄市左營區東門路131巷1~30號,9.6,住,,,1081214,土地1建物1車位1,八層,十四層,住宅大樓(11層含以上有電梯),住家用,鋼筋混凝土造,0971105,91.52000000000001,2,2,1,有,有,6280000,68619,坡道平面,13.4,0,,RPQOMLLKKHPFFEE08CA,14,1,919494.6
左營區,房地(土地+建物),高雄市左營區民族一路901巷26弄1~30號,5.62,住,,,1081213,土地1建物1車位0,三層,二十四層,住宅大樓(11層含以上有電梯),住家用,鋼筋混凝土造,0851125,83.60000000000001,2,1,1,有,有,3370000,40311,,0.0,0,,RPTPMLLKKHPFFEE48CA,24,0,0.0
楠梓區,房地(土地+建物)+車位,高雄市楠梓區德民路811~840號,16.32,住,,,1081231,土地1建物1車位1,四層,十三層,住宅大樓(11層含以上有電梯),住家用,見其它登記事項,0880528,160.12,4,2,2,有,有,5900000,36847,坡道平面,20.18,0,,RPUNMLOJKHPFFEE58CA,13,1,743572.46
楠梓區,房地(土地+建物),高雄市楠梓區德民路820巷1~30號,10.08,住,,,1090105,土地1建物1車位0,八層,十五層,住宅大樓(11層含以上有電梯),住家用,鋼筋混凝土造,1000526,76.00999999999999,2,1,1,有,有,3900000,51309,,0.0,0,,RPRPMLMLJHPFFEE38CA,15,0,0.0
三民區,房地(土地+建物)+車位,高雄市三民區明仁路31~60號,40.89,住,,,1081201,土地1建物1車位3,二十四層,二十八層,住宅大樓(11層含以上有電梯),住家用,鋼筋混凝土造,1021209,457.17,4,2,3,有,有,35800000,78308,坡道平面,85.26,0,,RPVNMLTKKHPFFDE56CA,28,3,6676540.08
三民區,房地(土地+建物),高雄市三民區民族一路811~840號,7.2,住,,,1081117,土地1建物1車位0,二層,二十四層,住宅大樓(11層含以上有電梯),住家用,鋼筋混凝土造,0850719,89.39,3,2,1,有,有,3600000,40273,,0.0,0,,RPWOMLMKKHPFFDE68CA,24,0,0.0
三民區,房地(土地+建物),高雄市三民區鼎瑞街91~120號,12.49,住,,,1081207,土地1建物1車位0,十四層,十四層,住宅大樓(11層含以上有電梯),住家用,鋼筋混凝土造,0860124,115.07000000000001,2,2,2,有,有,5200000,45190,,0.0,0,親友、員工或其他特殊關係間之交易。;,RPWNMLOKKHPFFDE78CA,14,0,0.0
三民區,房地(土地+建物)+車位,高雄市三民區大豐一路271~300號,21.39,住,,,1090103,土地1建物1車位1,九層,十五層,住宅大樓(11層含以上有電梯),住家用,鋼筋混凝土造,0950904,151.87,3,2,2,有,有,7150000,47080,坡道平面,0.0,0,,RPXNMLLKKHPFFDE58CA,15,1,0.0
三民區,房地(土地+建物)+車位,高雄市三民區九如一路548巷1~30號,30.56,商,,,1081012,土地1建物1車位1,十五層，電梯樓梯間,二十一層,住宅大樓(11層含以上有電梯),住家用,鋼筋混凝土造,0860708,389.07,5,3,4,有,有,18580000,47755,坡道平面,0.0,0,,RPUOMLLMJHPFFDE48CA,21,1,0.0
三民區,房地(土地+建物)+車位,高雄市三民區明哲路31~60號,20.74,住,,,1081218,土地1建物1車位1,八層,十八層,住宅大樓(11層含以上有電梯),住家用,鋼筋混凝土造,0821126,185.13,3,2,2,有,有,8150000,44023,坡道平面,0.0,1000000,,RPRNMLLJKHPFFDE87CA,18,1,0.0
三民區,房地(土地+建物),高雄市三民區民族一路61~90號,3.86,商,,,1081228,土地1建物1車位0,十一層,二十六層,住宅大樓(11層含以上有電梯),住家用,鋼筋混凝土造,0841219,69.86,2,2,1,有,有,3080000,44088,,0.0,0,,RPRNMLQJKHPFFDE38CA,26,0,0.0
新興區,房地(土地+建物)+車位,高雄市新興區七賢二路31~60號,10.15,商,,,1081211,土地1建物1車位1,六層,十五層,住宅大樓(11層含以上有電梯),住家用,鋼筋混凝土造,1060424,177.13,2,2,2,有,有,11380000,64247,坡道平面,37.25,0,,RPSOMLTKKHPFFBE78CA,15,1,2393200.75
苓雅區,房地(土地+建物),高雄市苓雅區新光路62巷1~30號,5.77,商,,,1081219,土地1建物1車位0,八層,三十五層,住宅大樓(11層含以上有電梯),住家用,鋼筋混凝土造,0860421,135.62,3,2,2,有,有,4600000,33918,,0.0,0,,RPPNMLKKKHPFFBE47CA,35,0,0.0
鼓山區,房地(土地+建物)+車位,高雄市鼓山區美術東六街181~210號,31.45,住,,,1081223,土地1建物1車位2,十四層，夾層,十四層,住宅大樓(11層含以上有電梯),住家用,鋼筋混凝土造,0930224,271.97,4,3,3,有,有,17000000,62507,坡道平面,43.36,0,,RPQNMLMKKHPFFAE67CA,14,2,2710303.52
鼓山區,房地(土地+建物),高雄市鼓山區裕國街151~180號,9.99,住,,,1081217,土地1建物1車位0,六層,十四層,住宅大樓(11層含以上有電梯),住家用,鋼筋混凝土造,0940909,84.28,2,2,1,有,有,5600000,66445,,0.0,0,,RPWOMLKMJHPFFAE28CA,14,0,0.0
鼓山區,房地(土地+建物)+車位,高雄市鼓山區美術南二路31~60號,17.1,住,,,1081213,土地1建物1車位1,二層,十五層,住宅大樓(11層含以上有電梯),住家用,鋼筋混凝土造,0971021,128.11,3,2,2,有,有,7200000,56202,坡道機械,7.13,0,,RPWNMLQJKHPFFAE58CA,15,1,400720.26
鼓山區,房地(土地+建物)+車位,高雄市鼓山區美術東二路511~540號,26.77,住,,,1081231,土地1建物1車位2,十七層,二十七層,住宅大樓(11層含以上有電梯),住家用,鋼筋混凝土造,1020301,334.94,3,2,3,有,有,28880000,82819,坡道平面,33.32,3900000,含裝潢,RPSOMLLKKHPFFAE87CA,27,2,2759529.08
鼓山區,房地(土地+建物)+車位,高雄市鼓山區文忠路61~90號,10.06,商,,,1090102,土地1建物1車位1,四層,十五層,住宅大樓(11層含以上有電梯),住家用,鋼筋混凝土造,1030925,120.38999999999999,2,2,1,有,無,7420000,61633,坡道機械,18.43,0,,RPTOMLLKKHPFFAE97CA,15,1,1135896.19
鼓山區,房地(土地+建物)+車位,高雄市鼓山區明華路331~360號,18.91,住,,,1081231,土地1建物1車位1,八層,十四層,住宅大樓(11層含以上有電梯),住家用,鋼筋混凝土造,0950519,168.76999999999998,4,2,2,有,有,11560000,68496,坡道平面,0.0,0,,RPPOMLPJKHPFFAE87CA,14,1,0.0
苓雅區,房地(土地+建物)+車位,高雄市苓雅區建國一路199巷3弄1~30號,24.49,商,,,1081229,土地1建物2車位1,十二層,十五層,住宅大樓(11層含以上有電梯),住家用,鋼筋混凝土造,0851221,167.37,4,2,2,有,無,7850000,46902,坡道平面,23.14,0,,RPTNMLMKKHPFFBE08CA,15,1,1085312.28
苓雅區,房地(土地+建物)+車位,高雄市苓雅區建國一路199巷3弄1~30號,24.49,商,,,1081224,土地1建物1車位1,四層,十五層,住宅大樓(11層含以上有電梯),住家用,鋼筋混凝土造,0851221,167.37,3,2,3,有,有,7960000,47559,坡道平面,23.14,0,,RPUPMLNKKHPFFBE48CA,15,1,1100515.26
前鎮區,房地(土地+建物),高雄市前鎮區瑞華街31~60號,17.79,住,,,1081224,土地2建物1車位0,十一層,十五層,住宅大樓(11層含以上有電梯),住家用,鋼筋混凝土造,0870413,105.22999999999999,3,2,2,有,有,3500000,33260,,0.0,0,,RPTOMLKMJHPFFCE18CA,15,0,0.0
小港區,房地(土地+建物),高雄市小港區華山路211~240號,13.86,商,,,1081215,土地1建物1車位0,十一層,十四層,住宅大樓(11層含以上有電梯),住家用,鋼筋混凝土造,0950510,115.21000000000001,3,2,2,有,有,4500000,39059,,0.0,0,,RPPOMLPJKHPFFCE08CA,14,0,0.0
左營區,房地(土地+建物)+車位,高雄市左營區辛亥路241~270號,14.81,其他,,,1081215,土地1建物1車位1,八層,二十四層,住宅大樓(11層含以上有電梯),住家用,鋼筋混凝土造,1011105,224.94,3,2,2,有,有,15100000,67129,坡道平面,22.88,0,,RPUOMLRJKHPFFEE98CA,24,1,1535911.52
左營區,房地(土地+建物)+車位,高雄市左營區博愛二路571~600號,30.05,住,,,1081209,土地1建物1車位2,二十三層,二十九層,住宅大樓(11層含以上有電梯),住家用,見使用執照,0890703,499.22,5,2,5,有,有,30000000,60094,坡道平面,48.0,0,含增建或未登記建物。,RPXNMLNJKHPFFEE78CA,29,2,2884512.0
左營區,房地(土地+建物)+車位,高雄市左營區孟子路511~540號,15.78,住,,,1081216,土地1建物1車位1,九層,十三層,住宅大樓(11層含以上有電梯),住家用,見其它登記事項,0930519,103.14,2,2,1,有,有,6550000,63506,坡道平面,0.0,0,,RPXOMLRJKHPFFEE66CA,13,1,0.0
左營區,房地(土地+建物)+車位,高雄市左營區大中二路301~330號,11.36,住,,,1081102,土地1建物1車位1,十七層,二十二層,住宅大樓(11層含以上有電梯),住家用,鋼筋混凝土造,0870811,169.52,3,2,2,有,有,7000000,41293,坡道平面,0.0,0,,RPWPMLOKKHPFFEE09CA,22,1,0.0
苓雅區,房地(土地+建物)+車位,高雄市苓雅區四維三路241~270號,23.49,商,,,1081227,土地1建物1車位2,九層,二十九層,住宅大樓(11層含以上有電梯),住家用,鋼筋混凝土造,0890905,431.40999999999997,5,3,4,有,有,26800000,62122,坡道平面,0.0,0,,RPQNMLLLJHPFFBE97CD,29,2,0.0
小港區,房地(土地+建物),高雄市小港區青山街123巷1~30號,12.15,住,,,1090114,土地1建物1車位0,四層,十四層,住宅大樓(11層含以上有電梯),住家用,鋼筋混凝土造,0840727,108.31,3,1,2,有,有,977982,9029,,0.0,0,親友、員工或其他特殊關係間之交易。;,RPTNMLQLKHPFFCE78DA,14,0,0.0
大寮區,房地(土地+建物),高雄市大寮區仁德路16巷30弄1~30號,12.57,住,,,1081120,土地1建物1車位0,九層,十六層,住宅大樓(11層含以上有電梯),住家用,鋼筋混凝土造,0821231,110.99000000000001,3,1,2,有,無,2980000,26849,,0.0,0,,RPQNMLKLKHPFFLE68CA,16,0,0.0
左營區,房地(土地+建物),高雄市左營區民族一路901巷26弄1~30號,8.57,住,,,1081227,土地1建物1車位0,十二層,十四層,住宅大樓(11層含以上有電梯),住家用,鋼筋混凝土造,0850712,94.6,2,2,1,有,有,3000000,31712,,0.0,0,,RPUNMLQLKHPFFEE98CA,14,0,0.0
楠梓區,房地(土地+建物),高雄市楠梓區德賢路555巷1~30號,9.55,住,,,1090102,土地1建物1車位0,三層,二十三層,住宅大樓(11層含以上有電梯),住家用,鋼筋混凝土造,0851028,134.47,3,2,2,有,有,3000000,22310,,0.0,0,親友、員工或其他特殊關係間之交易。;,RPQNMLOJKHPFFEE18CA,23,0,0.0
左營區,房地(土地+建物),高雄市左營區新莊一路121~150號,8.94,住,,,1081227,土地1建物1車位0,四層,二十七層,住宅大樓(11層含以上有電梯),住家用,鋼筋混凝土造,0830811,118.94,3,2,2,有,有,5620000,47251,,0.0,0,,RPVNMLNJKHPFFEE58CA,27,0,0.0
三民區,房地(土地+建物)+車位,高雄市三民區天祥二路1~30號,11.13,住,,,1081227,土地1建物1車位1,七層,十五層,住宅大樓(11層含以上有電梯),住家用,鋼筋混凝土造,1030831,118.82,2,2,1,有,有,6460000,54368,坡道平面,0.0,0,,RPUNMLPKKHPFFDE68CA,15,1,0.0
三民區,房地(土地+建物)+車位,高雄市三民區文安南街151~180號,21.4,住,,,1090114,土地1建物1車位1,十五層,十五層,住宅大樓(11層含以上有電梯),住家用,鋼筋混凝土造,1010927,151.97,3,2,2,有,有,11000000,72383,坡道平面,20.12,0,,RPPPMLLKKHPFFDE97CA,15,1,1456345.96
前鎮區,房地(土地+建物)+車位,高雄市前鎮區民權二路220巷1~30號,8.91,住,,,1090110,土地2建物1車位1,十四層,二十七層,住宅大樓(11層含以上有電梯),住家用,鋼筋混凝土造,0860527,183.94,4,2,2,有,有,7780000,42296,坡道平面,0.0,0,,RPXNMLQJKHPFFCE88CA,27,1,0.0
小港區,房地(土地+建物)+車位,高雄市小港區中安路871~900號,27.18,住,,,1081126,土地1建物1車位1,十一層,十五層,住宅大樓(11層含以上有電梯),住家用,鋼筋混凝土造,1031201,166.59,3,2,2,有,有,7700000,46221,坡道平面,0.0,0,屋況新，有裝潢,RPXOMLTKKHPFFCE76CA,15,1,0.0
前鎮區,房地(土地+建物)+車位,高雄市前鎮區三多二路421~450號,10.34,商,,,1081230,土地1建物1車位1,十層,十四層,住宅大樓(11層含以上有電梯),住家用,鋼筋混凝土造,0910205,134.28,3,2,2,有,有,7800000,54466,坡道機械,5.76,800000,含增建或未登記建物。,RPQOMLLKKHPFFCE87CA,14,1,313724.16
鼓山區,房地(土地+建物)+車位,高雄市鼓山區美術南二路31~60號,16.82,住,,,1081216,土地1建物1車位1,三層,十五層,住宅大樓(11層含以上有電梯),住家用,鋼筋混凝土造,0971021,139.08,3,2,2,有,有,8730000,62770,坡道平面,0.0,0,,RPSNMLNKKHPFFAE97CA,15,1,0.0
鼓山區,房地(土地+建物)+車位,高雄市鼓山區富農路91~120號,17.78,商,,,1081228,土地1建物1車位1,十九層,二十四層,住宅大樓(11層含以上有電梯),住家用,鋼筋混凝土造,1020522,273.53999999999996,3,2,2,有,有,21300000,77868,坡道平面,23.17,0,,RPPNMLSJKHPFFAE08CA,24,1,1804201.56
土城區,房地(土地+建物),新北市土城區福安街61~90號,15.75,住,,,1081121,土地2建物1車位0,一層,十三層,住宅大樓(11層含以上有電梯),住家用,鋼筋混凝土造,0921126,108.27000000000001,3,2,2,有,有,10800000,99751,,0.0,0,含增建或未登記建物。;,RPPNMLTLJHPFFAF38CA,13,0,0.0
板橋區,房地(土地+建物),新北市板橋區中正路331~360號,25.92,住,,,1081225,土地1建物1車位0,十五層,二十一層,住宅大樓(11層含以上有電梯),住家用,鋼筋混凝土造,0830531,158.62,3,2,2,有,有,6000000,37826,,0.0,0,親友、員工或其他特殊關係間之交易。;,RPTNMLKMJHPFFAF97CA,21,0,0.0
板橋區,房地(土地+建物)+車位,新北市板橋區國慶路158巷1~30號,19.81,住,,,1081108,土地1建物1車位1,十五層,十五層,住宅大樓(11層含以上有電梯),住家用,鋼筋混凝土造,0960723,166.44,4,2,2,有,有,18800000,112954,坡道平面,31.92,0,含增建或未登記建物。;,RPROMLKMJHPFFAF87CA,15,1,3605491.68
土城區,房地(土地+建物)+車位,新北市土城區中央路四段279巷1~30號,17.24,住,,,1081226,土地1建物1車位1,十五層,十五層,住宅大樓(11層含以上有電梯),住家用,鋼筋混凝土造,0950817,154.35,3,2,2,有,有,11000000,71267,坡道平面,34.26,0,,RPVOMLRKKHPFFAF88CA,15,1,2441607.42
泰山區,房地(土地+建物)+車位,新北市泰山區仁愛路100巷1~30號,10.7,商,,,1081129,土地1建物1車位1,十層,十三層,住宅大樓(11層含以上有電梯),住家用,鋼筋混凝土造,0931021,127.73,3,2,2,有,有,10000000,78296,坡道平面,0.0,0,親友、員工或其他特殊關係間之交易。;,RPPOMLLMJHPFFBF87CA,13,1,0.0
新莊區,房地(土地+建物),新北市新莊區中正路871~900號,7.64,住,,,1081215,土地1建物1車位0,十二層,十六層,住宅大樓(11層含以上有電梯),住家用,鋼筋混凝土造,0870701,77.55,3,2,2,有,有,8200000,105738,,0.0,0,含增建或未登記建物。;,RPVPMLNJKHPFFBF58CA,16,0,0.0
新店區,房地(土地+建物),新北市新店區安祥路110巷31~60號,34.56,,山坡地保育區,丙種建築用地,1081213,土地1建物1車位0,一層,十七層,住宅大樓(11層含以上有電梯),住家用,鋼筋混凝土造,0850120,68.27,2,2,1,有,有,6100000,89351,,0.0,0,,RPRPMLMLJHPFFCF28CA,17,0,0.0
新店區,房地(土地+建物)+車位,新北市新店區達觀路1~30號,29.81,,山坡地保育區,丙種建築用地,1081203,土地1建物1車位1,五層,十五層,住宅大樓(11層含以上有電梯),住家用,鋼筋混凝土造,0850510,90.44,2,2,1,有,有,4400000,48651,坡道平面,0.0,0,,RPXNMLKMJHPFFCF58CA,15,1,0.0
新店區,房地(土地+建物),新北市新店區安康路二段159巷1~30號,7.57,住,,,1081217,土地1建物1車位0,二層,十五層,住宅大樓(11層含以上有電梯),住家用,鋼筋混凝土造,0870629,52.14,2,1,1,有,有,6800000,130418,,0.0,0,,RPTOMLLMJHPFFCF38CA,15,0,0.0
新店區,房地(土地+建物),新北市新店區安祥路110巷1~30號,55.97,,山坡地保育區,丙種建築用地,1081223,土地1建物1車位0,十四層，電梯樓梯間,十六層,住宅大樓(11層含以上有電梯),住家用,鋼筋混凝土造,0840729,144.34,3,2,2,有,有,6250000,43301,,0.0,0,,RPTNMLPJKHPFFCF48CA,16,0,0.0
汐止區,房地(土地+建物),新北市汐止區大同路二段184巷1~30號,11.88,住,,,1090107,土地2建物1車位0,十六層,二十三層,住宅大樓(11層含以上有電梯),住家用,鋼筋混凝土造,0870903,97.97,2,2,1,有,有,12500000,127590,,0.0,0,,RPVPMLOJKHPFFDF88CA,23,0,0.0
汐止區,房地(土地+建物),新北市汐止區新台五路二段241~270號,10.88,住,,,1081212,土地2建物1車位0,十一層,十九層,住宅大樓(11層含以上有電梯),住家用,鋼筋混凝土造,0840320,130.65,3,2,2,有,無,6000000,45924,,0.0,0,親友、員工或其他特殊關係間之交易。;,RPUNMLMKKHPFFDF48CA,19,0,0.0
淡水區,房地(土地+建物)+車位,新北市淡水區沙崙路一段91~120號,27.99,住,,,1081202,土地1建物1車位1,十七層,二十三層,住宅大樓(11層含以上有電梯),住家用,鋼筋混凝土造,1080306,173.53,3,2,2,有,有,14380000,91892,坡道平面,30.1,1200000,,RPSNMLKKKHPFFEF18CA,23,1,2765949.2
淡水區,房地(土地+建物)+車位,新北市淡水區新市五路二段61~90號,53.27,住,,,1081230,土地1建物1車位1,五層,十八層,住宅大樓(11層含以上有電梯),住家用,鋼筋混凝土造,0880525,241.55,4,2,2,有,有,7000000,28980,坡道平面,46.4,0,親友、員工或其他特殊關係間之交易。;,RPPOMLLKKHPFFEF08CA,18,1,1344672.0
淡水區,房地(土地+建物)+車位,新北市淡水區沙崙路一段126巷61~90號,17.06,住,,,1081128,土地1建物1車位1,六層,十九層,住宅大樓(11層含以上有電梯),住家用,鋼筋混凝土造,1060824,132.35,2,2,2,有,有,9200000,69513,坡道平面,26.54,0,,RPRNNLLKKHPFFEF28CA,19,1,1844875.02
淡水區,房地(土地+建物)+車位,新北市淡水區八勢路2巷1~30號,57.88,住,,,1081214,土地1建物1車位1,二十五層,二十九層,住宅大樓(11層含以上有電梯),住家用,鋼骨鋼筋混凝土造,1061213,227.45999999999998,3,2,2,有,有,25920000,127342,坡道平面,39.62,2000000,,RPOPTLLLJHPFFEF78CA,29,1,5045290.04
淡水區,房地(土地+建物)+車位,新北市淡水區新市一路一段331巷61~90號,21.87,住,,,1081209,土地1建物1車位1,八層,十五層,住宅大樓(11層含以上有電梯),住家用,鋼筋混凝土造,1031024,122.69999999999999,2,1,2,有,有,7200000,58680,坡道平面,26.54,0,,RPRQTLLLJHPFFEF56CA,15,1,1557367.2
淡水區,房地(土地+建物)+車位,新北市淡水區自強路80巷1~30號,15.22,住,,,1081215,土地1建物1車位1,十五層,十九層,住宅大樓(11層含以上有電梯),住家用,鋼筋混凝土造,0820303,108.14999999999999,2,2,1,有,有,7680000,71012,坡道機械,0.0,0,含增建或未登記建物。;本案另有獨立權狀公設、獨立權狀車位。本案車位面積無法概算。,RPOOMLMLJHPFFEF08CA,19,1,0.0
淡水區,房地(土地+建物),新北市淡水區學府路136巷61~90號,10.78,住,,,1081220,土地1建物1車位0,二層,十八層,住宅大樓(11層含以上有電梯),住家用,鋼筋混凝土造,0840802,54.46,2,2,1,有,有,3400000,62431,,0.0,0,1.陽台外推,RPVPMLKMJHPFFEF78CA,18,0,0.0
淡水區,房地(土地+建物)+車位,新北市淡水區新市一路三段151~180號,28.59,住,,,1081222,土地1建物1車位1,八層,十五層,住宅大樓(11層含以上有電梯),住家用,鋼筋混凝土造,0970609,199.95999999999998,4,2,2,有,有,11000000,55011,坡道平面,27.55,0,,RPPQMLKMJHPFFEF28CA,15,1,1515553.05
淡水區,房地(土地+建物),新北市淡水區新春街121~150號,17.5,住,,,1081220,土地1建物1車位0,十三層,十六層,住宅大樓(11層含以上有電梯),住家用,鋼筋混凝土造,0851116,131.29,3,2,2,有,有,6300000,47985,,0.0,0,陽台外推,RPUTMLKMJHPFFEF09CA,16,0,0.0
淡水區,房地(土地+建物)+車位,新北市淡水區自立路1~30號,18.99,商,,,1081224,土地22建物1車位1,四層,十六層,住宅大樓(11層含以上有電梯),住家用,鋼筋混凝土造,0810319,195.92999999999998,3,2,2,有,有,10000000,51039,坡道平面,39.0,0,親友、員工或其他特殊關係間之交易。;,RPPPMLQJKHPFFEF58CA,16,1,1990521.0
中和區,房地(土地+建物),新北市中和區連勝街91~120號,16.61,住,,,1090105,土地1建物1車位0,一層,十四層,住宅大樓(11層含以上有電梯),住家用,鋼筋混凝土造,0940819,112.24000000000001,5,2,2,有,有,15600000,138988,,0.0,0,含增建或未登記建物。;,RPWTMLKMJHPFFHF96CA,14,0,0.0
中和區,房地(土地+建物)+車位,新北市中和區景平路431巷1~30號,13.33,住,,,1081216,土地1建物1車位1,二層,十七層,住宅大樓(11層含以上有電梯),住家用,鋼筋混凝土造,0860515,109.95,3,2,1,有,有,14600000,132788,坡道機械,11.8,0,,RPRNMLOKKHPFFHF78CA,17,1,1566898.4000000001
三峽區,房地(土地+建物),新北市三峽區大智路1~30號,17.97,住,,,1081214,土地1建物1車位0,三層,十五層,住宅大樓(11層含以上有電梯),住家用,鋼筋混凝土造,0950123,118.63000000000001,3,2,1,有,有,9000000,75866,,0.0,0,,RPSNMLLMJHPFFIF78CA,15,0,0.0
汐止區,房地(土地+建物),新北市汐止區建成路160巷1~30號,10.45,住,,,1081219,土地1建物1車位0,四層,十四層,住宅大樓(11層含以上有電梯),住家用,鋼筋混凝土造,0851116,71.36,2,1,1,有,有,7050000,98795,,0.0,0,含增建或未登記建物。,RPVPMLMLJHPFFDF88DA,14,0,0.0
汐止區,房地(土地+建物),新北市汐止區福德一路201巷31~60號,16.08,住,,,1080925,土地1建物1車位0,八層,十三層,住宅大樓(11層含以上有電梯),住家用,鋼筋混凝土造,0830204,106.75,2,2,2,有,有,7055000,66095,,0.0,0,親友、員工或其他特殊關係間之交易。;,RPPPMLQJKHPFFDF58DA,13,0,0.0
三重區,房地(土地+建物),新北市三重區中正北路165巷1~30號,12.74,住,,,1081214,土地1建物1車位0,十四層,十七層,住宅大樓(11層含以上有電梯),住家用,鋼筋混凝土造,0970201,84.06,2,2,1,有,有,10100000,120152,,0.0,0,,RPTRMLLMJHPFFGF56DA,17,0,0.0
樹林區,房地(土地+建物)+車位,新北市樹林區學府路301~330號,23.65,住,,,1081208,土地1建物1車位1,六層,十五層,住宅大樓(11層含以上有電梯),住家用,鋼筋混凝土造,0980407,181.8,4,2,2,有,有,14200000,82868,坡道平面,26.13,1300000,含增建或未登記建物。,RPQOMLQJKHPFFIF09DA,15,1,2165340.84
板橋區,房地(土地+建物)+車位,新北市板橋區成都街1~30號,18.77,住,,,1090105,土地1建物1車位1,十四層,十五層,住宅大樓(11層含以上有電梯),住家用,鋼筋混凝土造,1020508,205.07,3,2,2,有,有,31000000,151168,坡道平面,36.77,0,含增建或未登記建物。;,RPTNMLQLKHPFFAF78EA,15,1,5558447.36
淡水區,房地(土地+建物)+車位,新北市淡水區中山北路二段189巷121~150號,25.97,住,,,1090104,土地1建物1車位2,九層,十四層,住宅大樓(11層含以上有電梯),住家用,鋼筋混凝土造,0990615,153.4,3,1,2,有,有,13800000,89961,坡道機械,17.4,0,,RPPNMLLLKHPFFEF28EA,14,2,1565321.4
汐止區,房地(土地+建物),新北市汐止區樟樹一路145巷1~30號,16.61,住,,,1081231,土地2建物1車位0,七層,十七層,住宅大樓(11層含以上有電梯),住家用,鋼筋混凝土造,0840414,88.51,2,2,2,有,有,7380000,83380,,0.0,0,,RPOOMLRKKHPFFDF68EA,17,0,0.0
板橋區,房地(土地+建物)+車位,新北市板橋區重慶路241~270號,13.25,其他,,,1090107,土地1建物1車位1,二十二層,三十二層,住宅大樓(11層含以上有電梯),住家用,見其他登記事項,0811208,196.67,4,1,2,有,有,22568000,114751,坡道機械,18.42,0,,RPROMLQLKHPFFAF68EA,32,1,2113713.4200000004
中和區,房地(土地+建物)+車位,新北市中和區景平路431巷1~30號,18.66,住,,,1081228,土地1建物1車位1,五層,十七層,住宅大樓(11層含以上有電梯),住家用,鋼筋混凝土造,0860515,148.99,4,2,2,有,有,16680000,110658,坡道機械,11.81,1500000,含增建或未登記建物。,RPVTMLKMJHPFFHF96DA,17,1,1306870.98
淡水區,房地(土地+建物)+車位,新北市淡水區新市五路三段181~210號,10.94,商,,,1081228,土地1建物1車位1,九層,二十七層,住宅大樓(11層含以上有電梯),住家用,鋼筋混凝土造,1061229,152.93,3,2,2,有,有,8200000,57335,坡道平面,30.84,1200000,含增建或未登記建物。,RPRRMLLMJHPFFEF78DA,27,1,1768211.4
汐止區,房地(土地+建物)+車位,新北市汐止區明峰街271~300號,31.83,住,,,1081129,土地1建物1車位1,十四層,十九層,住宅大樓(11層含以上有電梯),住家用,鋼筋混凝土造,0820414,234.73000000000002,5,2,3,有,有,18000000,81121,坡道平面,31.33,1500000,含增建或未登記建物。,RPTPMLMLJHPFFDF68DA,19,1,2541520.9299999997
土城區,房地(土地+建物)+車位,新北市土城區明德路一段29巷1~30號,17.35,住,,,1081222,土地3建物1車位1,七層,十六層,住宅大樓(11層含以上有電梯),住家用,鋼筋混凝土造,0850203,130.56,3,2,2,有,有,11500000,88082,坡道平面,0.0,1600000,含增建或未登記建物。,RPQSMLNJKHPFFAF38DA,16,1,0.0
板橋區,房地(土地+建物),新北市板橋區雙十路二段121~150號,9.32,住,,,1081221,土地1建物1車位0,十三層,二十四層,住宅大樓(11層含以上有電梯),住家用,鋼筋混凝土造,0860905,114.18,4,2,1,有,有,18430000,161412,,0.0,0,含增建或未登記建物。,RPROMLPJKHPFFAF28DA,24,0,0.0
新莊區,房地(土地+建物),新北市新莊區昌隆街61~90號,11.26,其他,,,1081223,土地1建物1車位0,十三層,十三層,住宅大樓(11層含以上有電梯),住家用,鋼筋混凝土造,0910819,104.46000000000001,3,2,2,有,有,12000000,114877,,0.0,0,含增建或未登記建物。,RPRQMLMLJHPFFBF38DA,13,0,0.0
三峽區,房地(土地+建物),新北市三峽區大觀路331~360號,13.6,住,,,1081229,土地1建物1車位0,五層,十五層,住宅大樓(11層含以上有電梯),住家用,鋼筋混凝土造,0950127,103.4,3,0,3,有,有,8300000,80271,,0.0,0,隔間套房,RPRNMLRJKHPFFIF09CA,15,0,0.0
中和區,房地(土地+建物),新北市中和區福祥路61~90號,14.73,商,,,1081203,土地3建物1車位0,四層,十四層,住宅大樓(11層含以上有電梯),住家用,鋼筋混凝土造,0881220,105.32,3,2,2,有,有,14300000,135777,,0.0,0,含增建或未登記建物。;,RPUNMLLMJHPFFHF88CA,14,0,0.0
三重區,房地(土地+建物)+車位,新北市三重區信義西街31~60號,21.58,住,,,1090106,土地1建物1車位3,二十層,二十二層,住宅大樓(11層含以上有電梯),住家用,鋼筋混凝土造,1040722,316.83000000000004,4,2,3,有,有,39880000,152014,坡道平面,98.56,6700000,,RPWQMLTKKHPFFGF37CA,22,3,14982499.84
淡水區,房地(土地+建物)+車位,新北市淡水區濱海路二段181~210號,67.79,住,,,1081215,土地1建物1車位2,十三層,二十七層,住宅大樓(11層含以上有電梯),住家用,鋼筋混凝土造,1050624,395.53999999999996,0,0,0,無,有,32720000,85568,坡道平面,43.54,2600000,,RPQOMLNJKHPFFEF28CA,27,2,3725630.7199999997
淡水區,房地(土地+建物)+車位,新北市淡水區新市二路一段91~120號,19.79,住,,,1080731,土地1建物1車位1,五層,十三層,住宅大樓(11層含以上有電梯),住家用,鋼筋混凝土造,1061128,152.68,0,0,0,無,有,7900000,56175,坡道平面,37.86,1450000,房地交易總價含機車停車位價款新台幣50000元機車停車位面積6.24平方公尺。,RPUPMLPKKHPFFEF09CA,13,1,2126785.5
淡水區,房地(土地+建物)+車位,新北市淡水區新市二路一段121~150號,10.72,住,,,1080929,土地1建物1車位1,十九層,十九層,住宅大樓(11層含以上有電梯),住家用,鋼筋混凝土造,1061128,104.88,0,0,0,無,有,5600000,61922,坡道平面,37.86,1450000,房地交易總價含機車停車位價款新台幣50000元機車停車位面積6.24平方公尺。,RPVPMLPKKHPFFEF56CA,19,1,2344366.92
淡水區,房地(土地+建物)+車位,新北市淡水區新市二路一段121~150號,17.55,住,,,1081120,土地1建物1車位1,十二層,十九層,住宅大樓(11層含以上有電梯),住家用,鋼筋混凝土造,1061128,138.62,2,1,1,有,有,7080000,55875,坡道平面,37.86,1450000,房地交易總價含機車停車位價款新台幣50000元機車停車位面積6.24平方公尺。,RPWPMLPKKHPFFEF66CA,19,1,2115427.5
淡水區,房地(土地+建物)+車位,新北市淡水區新市二路一段91~120號,19.9,住,,,1081206,土地1建物1車位1,三層,十三層,住宅大樓(11層含以上有電梯),住家用,鋼筋混凝土造,1061128,149.75,0,0,0,無,有,7890000,56474,坡道平面,34.83,1400000,房地交易總價含機車停車位價款新台幣50000元機車停車位面積6.24平方公尺。,RPXPMLPKKHPFFEF76CA,13,1,1966989.42
汐止區,房地(土地+建物),新北市汐止區建成路142巷1~30號,19.03,商,,,1081221,土地1建物1車位0,三層,十九層,住宅大樓(11層含以上有電梯),住家用,鋼筋混凝土造,0860423,189.22,4,2,2,有,有,14900000,78744,,0.0,0,,RPRPMLMJLHPFFDF38CA,19,0,0.0
淡水區,房地(土地+建物),新北市淡水區中正路一段156巷1~30號,15.0,商,,,1081221,土地1建物1車位0,十四層,十六層,住宅大樓(11層含以上有電梯),住家用,鋼筋混凝土造,0801204,166.70999999999998,4,2,2,有,有,7500000,44988,,0.0,0,,RPUPMLLMJHPFFEF78CA,16,0,0.0
淡水區,房地(土地+建物)+車位,新北市淡水區濱海路二段202巷1~30號,24.88,住,,,1090103,土地1建物1車位1,三層,十四層,住宅大樓(11層含以上有電梯),住家用,鋼筋混凝土造,1060817,176.28,3,2,2,有,有,10150000,63169,坡道平面,31.43,1000000,,RPTTMLKMJHPFFEF98CA,14,1,1985401.67
淡水區,房地(土地+建物)+車位,新北市淡水區自立路1~30號,22.93,商,,,1081205,土地22建物1車位1,十二層,十六層,住宅大樓(11層含以上有電梯),住家用,鋼筋混凝土造,0810319,227.16,3,2,2,有,有,15600000,68677,坡道平面,0.0,0,含增建或未登記建物。;本案車位面積無法概算。本案另有獨立權狀車位。,RPOOMLKMJHPFFEF97CA,16,1,0.0
淡水區,房地(土地+建物),新北市淡水區新春街121~150號,12.91,住,,,1090108,土地2建物1車位0,十三層,十五層,住宅大樓(11層含以上有電梯),住家用,鋼筋混凝土造,1030423,76.93,2,2,1,有,有,6050000,78643,,0.0,0,,RPVOMLKMJHPFFEF68CA,15,0,0.0
汐止區,房地(土地+建物),新北市汐止區新台五路二段61~90號,10.09,住,,,1090107,土地1建物1車位0,十二層,十七層,住宅大樓(11層含以上有電梯),住家用,鋼筋混凝土造,0880812,98.93,2,2,2,有,有,9500000,96027,,0.0,0,,RPQOMLNJKHPFFDF18CA,17,0,0.0
新店區,房地(土地+建物)+車位,新北市新店區安忠路56巷1~30號,24.93,住,,,1081222,土地1建物1車位1,二層,十四層,住宅大樓(11層含以上有電梯),住家用,鋼骨混凝土造,0910417,180.12,3,2,2,有,有,13200000,73284,坡道平面,44.03,0,含增建或未登記建物。;,RPWNMLLMJHPFFCF58CA,14,1,3226694.52
泰山區,房地(土地+建物)+車位,新北市泰山區仁愛路100巷1~30號,11.24,商,,,1081231,土地1建物1車位1,二層,十三層,住宅大樓(11層含以上有電梯),住家用,鋼筋混凝土造,0930601,125.7,3,2,2,有,有,10500000,83532,坡道平面,14.9,0,,RPORMLNJLHPFFBF18CA,13,1,1244626.8
林口區,房地(土地+建物)+車位,新北市林口區中山路511~540號,13.52,商,,,1081225,土地1建物1車位1,十二層,十五層,住宅大樓(11層含以上有電梯),住家用,鋼筋混凝土造,0960927,144.11,2,2,2,有,有,8200000,56901,坡道平面,32.43,0,,RPORMLOKKHPFFBF28CA,15,1,1845299.43
林口區,房地(土地+建物),新北市林口區文化三路二段1~30號,12.9,商,,,1081203,土地1建物1車位0,十五層,十九層,住宅大樓(11層含以上有電梯),住家用,鋼筋混凝土造,0970729,97.95,2,2,1,有,有,8200000,83716,,0.0,0,,RPWPMLPJKHPFFBF88CA,19,0,0.0
土城區,房地(土地+建物)+車位,新北市土城區學府路一段151~180號,22.6,其他,,,1081214,土地1建物1車位1,十三層,十四層,住宅大樓(11層含以上有電梯),住家用,鋼筋混凝土造,0890906,235.15,4,2,2,有,有,24500000,104189,坡道平面,26.54,0,,RPRPMLPJKHPFFAF28CA,14,1,2765176.06
土城區,房地(土地+建物),新北市土城區裕民路114巷1~30號,10.64,住,,,1081228,土地1建物1車位0,九層,十三層,住宅大樓(11層含以上有電梯),住家用,鋼筋混凝土造,0810717,74.15,2,1,1,有,有,8800000,118678,,0.0,0,,RPXSMLMLJHPFFAF98CA,13,0,0.0
土城區,房地(土地+建物),新北市土城區金城路二段241~270號,12.09,住,,,1090102,土地2建物1車位0,五層,二十層,住宅大樓(11層含以上有電梯),住家用,鋼筋混凝土造,0831205,155.94,4,2,2,有,有,14800000,94908,,0.0,0,,RPSNMLLMJHPFFAF97CA,20,0,0.0
土城區,房地(土地+建物),新北市土城區學府路一段126巷31~60號,24.36,住,,,1081224,土地1建物1車位0,十三層,十三層,住宅大樓(11層含以上有電梯),住家用,鋼筋混凝土造,0831215,148.66,3,2,2,有,無,15500000,104265,,0.0,0,,RPQPMLNJKHPFFAF97CA,13,0,0.0
土城區,房地(土地+建物)+車位,新北市土城區福安街61~90號,15.8,住,,,1081219,土地2建物1車位1,六層,十三層,住宅大樓(11層含以上有電梯),住家用,鋼筋混凝土造,0921126,130.85,3,1,2,有,有,11100000,84830,坡道平面,0.0,0,,RPRNMLMKKHPFFAF87CA,13,1,0.0
林口區,房地(土地+建物)+車位,新北市林口區仁愛路二段511~540號,22.61,商,,,1081222,土地1建物1車位1,十七層,十九層,住宅大樓(11層含以上有電梯),住家用,鋼筋混凝土造,0970729,216.76999999999998,3,2,2,有,有,15850000,73119,坡道平面,39.18,0,,RPUPMLPJKHPFFBF68CA,19,1,2864802.42
新店區,房地(土地+建物)+車位,新北市新店區安祥路147巷31~60號,56.96,,山坡地保育區,丙種建築用地,1081230,土地1建物1車位1,一層,十六層,住宅大樓(11層含以上有電梯),住家用,鋼筋混凝土造,0830413,131.68,2,2,2,有,有,7500000,56956,坡道平面,0.0,0,含增建或未登記建物。;,RPROMLKMJHPFFCF08CA,16,1,0.0
新店區,房地(土地+建物)+車位,新北市新店區寶強路1~30號,25.21,商,,,1090103,土地1建物1車位1,十三層,二十九層,住宅大樓(11層含以上有電梯),住家用,鋼骨鋼筋混凝土造,1030121,276.16,3,2,2,有,有,54000000,195539,坡道平面,29.09,0,,RPPPMLNJKHPFFCF08CA,29,1,5688229.51
新店區,房地(土地+建物)+車位,新北市新店區中央五街1~30號,17.75,住,,,1081127,土地1建物1車位1,十四層,十四層,住宅大樓(11層含以上有電梯),住家用,鋼筋混凝土造,0900305,157.73000000000002,4,2,2,有,有,22580000,143156,坡道機械,19.34,0,,RPUOMLLMJHPFFCF48CA,14,1,2768637.04
汐止區,房地(土地+建物)+車位,新北市汐止區新興路91~120號,30.69,住,,,1090101,土地1建物1車位1,二層,十四層,住宅大樓(11層含以上有電梯),住家用,鋼筋混凝土造,0991109,203.93,4,2,2,有,有,18000000,88266,坡道平面,29.7,0,,RPWPMLNJKHPFFDF88CA,14,1,2621500.1999999997
汐止區,房地(土地+建物),新北市汐止區湖前街110巷97弄1~30號,38.85,,山坡地保育區,丙種建築用地,1081222,土地8建物1車位0,十八層,二十五層,住宅大樓(11層含以上有電梯),住家用,鋼筋混凝土造,0881202,121.33,1,2,1,有,有,9000000,74178,,0.0,0,,RPWNMLLMJHPFFDF68CA,25,0,0.0
新店區,房地(土地+建物)+車位,新北市新店區安成街2巷1~30號,17.32,住,,,1081224,土地1建物1車位1,二層,十五層,住宅大樓(11層含以上有電梯),住家用,鋼筋混凝土造,1030708,142.68,3,2,2,有,有,15000000,105130,坡道平面,18.49,0,,RPUNMLNJLHPFFCF48CA,15,1,1943853.6999999997
淡水區,房地(土地+建物)+車位,新北市淡水區義山路一段211~240號,28.11,住,,,1081216,土地1建物1車位1,三層,十五層,住宅大樓(11層含以上有電梯),住家用,鋼筋混凝土造,1041117,186.95999999999998,3,2,2,有,有,11000000,58836,坡道機械,25.14,0,另有一個機車位,RPPNMLNJKHPFFEF08CA,15,1,1479137.04
淡水區,房地(土地+建物)+車位,新北市淡水區新市三路一段121~150號,21.82,住,,,1081203,土地1建物1車位1,十層,二十層,住宅大樓(11層含以上有電梯),住家用,鋼筋混凝土造,1080222,144.73000000000002,3,1,2,有,有,10170000,74096,坡道平面,25.02,1300000,,RPXNMLPJKHPFFEF09CA,20,1,1853881.92
八里區,房地(土地+建物)+車位,新北市八里區龍米路二段31~60號,10.15,住,,,1090109,土地1建物1車位1,三層,二十三層,住宅大樓(11層含以上有電梯),住家用,鋼筋混凝土造,1021111,137.07,2,1,1,有,有,10000000,72961,坡道平面,36.02,0,,RPROMLQJKHPFFEF68CA,23,1,2628055.22
淡水區,房地(土地+建物),新北市淡水區水源街二段177巷31~60號,12.8,住,,,1090105,土地1建物1車位0,三層,十三層,住宅大樓(11層含以上有電梯),住家用,鋼筋混凝土造,0851202,71.63,3,1,3,有,有,3780000,52771,,0.0,0,隔3間套房，有夾層,RPUNMLRJKHPFFEF98CA,13,0,0.0
中和區,房地(土地+建物)+車位,新北市中和區中興街121~150號,21.94,住,,,1081211,土地1建物1車位1,九層,十五層,住宅大樓(11層含以上有電梯),住家用,鋼筋混凝土造,0860729,151.63,2,2,1,有,有,15200000,100244,坡道平面,32.05,0,含增建或未登記建物。;,RPWPMLNJKHPFFHF66CA,15,1,3212820.1999999997
樹林區,房地(土地+建物)+車位,新北市樹林區佳園路三段451~480號,17.51,住,,,1081230,土地1建物1車位1,八層,十五層,住宅大樓(11層含以上有電梯),住家用,鋼筋混凝土造,0950425,135.74,3,2,2,有,有,10500000,77354,坡道平面,29.83,0,,RPQNMLLKKHPFFIF48CA,15,1,2307469.82
三峽區,房地(土地+建物),新北市三峽區大觀路301~330號,9.37,住,,,1081217,土地1建物1車位0,十一層,十五層,住宅大樓(11層含以上有電梯),住家用,鋼筋混凝土造,0950127,71.31,2,0,2,有,有,6000000,84140,,0.0,0,,RPOPMLOLKHPFFIF88CA,15,0,0.0
新莊區,房地(土地+建物),新北市新莊區中平路270巷7弄1~30號,14.16,住,,,1081117,土地1建物1車位0,七層,十六層,住宅大樓(11層含以上有電梯),住家用,鋼筋混凝土造,0841018,108.17,3,2,2,有,有,10150000,93834,,0.0,0,含增建或未登記建物。,RPVSNLKMJHPFFBF98DA,16,0,0.0
新莊區,房地(土地+建物),新北市新莊區中平路82巷1~30號,9.1,其他,,,1081206,土地3建物1車位0,四層,十四層,住宅大樓(11層含以上有電梯),住家用,鋼筋混凝土造,0901106,80.69,2,2,1,有,有,10060000,124675,,0.0,0,含增建或未登記建物。,RPWNMLTJKHPFFBF56DA,14,0,0.0
淡水區,房地(土地+建物)+車位,新北市淡水區沙崙路211~240號,14.03,住,,,1081125,土地1建物1車位1,十八層,十九層,住宅大樓(11層含以上有電梯),住家用,鋼筋混凝土造,0840114,177.76,3,2,2,有,有,8760000,56684,坡道平面,40.87,1000000,含增建或未登記建物。,RPPOMLRJKHPFFEF68DA,19,1,2316675.08
板橋區,房地(土地+建物)+車位,新北市板橋區重慶路241~270號,20.9,其他,,,1090131,土地1建物3車位2,九層,三十二層,住宅大樓(11層含以上有電梯),住家用,見其他登記事項,0811208,309.28,4,1,2,有,有,30000000,96999,坡道平面,74.96,0,親友、員工或其他特殊關係間之交易。;,RPSOMLQLKHPFFAF78EA,32,2,7271045.039999999
三重區,房地(土地+建物)+車位,新北市三重區集英路61~90號,18.49,商,,,1081226,土地1建物1車位1,七層,十九層,住宅大樓(11層含以上有電梯),住家用,鋼筋混凝土造,1040702,170.45,3,2,2,有,有,22880000,149465,坡道平面,32.09,2200000,含增建或未登記建物。,RPQNMLSJKHPFFGF98DA,19,1,4796331.850000001
汐止區,房地(土地+建物),新北市汐止區工建路91~120號,19.65,住,,,1081221,土地1建物1車位0,五層,十四層,住宅大樓(11層含以上有電梯),住家用,鋼筋混凝土造,0981120,121.33000000000001,3,2,2,有,有,13000000,107146,,0.0,0,含增建或未登記建物。,RPSQMLOJKHPFFDF78DA,14,0,0.0
汐止區,房地(土地+建物)+車位,新北市汐止區明峰街61~90號,44.48,住,,,1081229,土地1建物1車位2,十六層,二十四層,住宅大樓(11層含以上有電梯),住家用,鋼筋混凝土造,1020603,335.57,4,2,3,有,有,31880000,93686,坡道平面,37.98,4000000,含增建或未登記建物。,RPPQMLOJKHPFFDF48DA,24,2,3558194.28
淡水區,房地(土地+建物),新北市淡水區水源街二段177巷91~120號,12.89,住,,,1081227,土地1建物1車位0,四層,十三層,住宅大樓(11層含以上有電梯),住家用,鋼筋混凝土造,0851202,71.81,3,2,1,有,有,4200000,58488,,0.0,0,含增建或未登記建物。,RPRQMLNJKHPFFEF68DA,13,0,0.0
汐止區,房地(土地+建物)+車位,新北市汐止區水源路二段22巷1~30號,27.07,住,,,1081220,土地2建物1車位1,十三層,十六層,住宅大樓(11層含以上有電梯),住家用,鋼筋混凝土造,0870814,177.98,3,2,2,有,有,12520000,70345,坡道平面,0.0,1700000,含增建或未登記建物。,RPRPMLLMJHPFFDF48DA,16,1,0.0
新店區,房地(土地+建物)+車位,新北市新店區溪園路361~390號,22.25,住,,,1081113,土地1建物1車位1,三層,十四層,住宅大樓(11層含以上有電梯),住家用,鋼筋混凝土造,0921201,226.3,4,2,2,有,有,21000000,98763,坡道平面,29.87,1600000,含增建或未登記建物。,RPROMLKKKHPFFCF08DA,14,1,2950050.81
土城區,房地(土地+建物),新北市土城區裕民路114巷1~30號,10.64,住,,,1081208,土地1建物1車位0,七層,十三層,住宅大樓(11層含以上有電梯),住家用,鋼筋混凝土造,0810717,73.99000000000001,2,2,1,有,有,9300000,125693,,0.0,0,含增建或未登記建物。,RPTOMLPJKHPFFAF48DA,13,0,0.0
三峽區,房地(土地+建物),新北市三峽區復興路42巷1~30號,7.56,住,,,1081213,土地1建物1車位0,一層,十八層,住宅大樓(11層含以上有電梯),住家用,鋼筋混凝土造,0831115,79.96000000000001,3,2,1,有,有,7100000,88794,,0.0,0,,RPVNMLPJKHPFFIF66CA,18,0,0.0
中和區,房地(土地+建物),新北市中和區南山路181~210號,11.56,住,,,1081220,土地1建物1車位0,七層,十四層,住宅大樓(11層含以上有電梯),住家用,鋼筋混凝土造,0950623,122.14,3,2,2,有,有,16320000,133617,,0.0,0,含增建或未登記建物。;,RPWNMLNJKHPFFHF09CA,14,0,0.0
中和區,房地(土地+建物),新北市中和區民樂路1~30號,7.84,其他,,,1081230,土地1建物1車位0,九層,十四層,住宅大樓(11層含以上有電梯),住家用,鋼筋混凝土造,0940426,93.07,2,2,1,有,有,10300000,110669,,0.0,0,含增建或未登記建物。依仲介公司提供之資料登錄,RPXNMLNJKHPFFHF56CA,14,0,0.0
淡水區,房地(土地+建物)+車位,新北市淡水區淡金路二段121~150號,19.51,住,,,1081218,土地1建物1車位2,十七層,二十層,住宅大樓(11層含以上有電梯),住家用,鋼筋混凝土造,0970917,134.88,3,2,2,有,有,8350000,61907,坡道機械,20.5,0,,RPTNMLRJKHPFFEF88CA,20,2,1269093.5
淡水區,房地(土地+建物)+車位,新北市淡水區紅樹林路151~180號,22.26,住,,,1081231,土地1建物1車位1,二層,二十一層,住宅大樓(11層含以上有電梯),住家用,鋼骨鋼筋混凝土造,1060118,162.85000000000002,3,2,2,有,有,12980000,79705,坡道平面,36.3,0,親友、員工或其他特殊關係間之交易。;,RPQRMLLMJHPFFEF58CA,21,1,2893291.5
汐止區,房地(土地+建物),新北市汐止區樟樹二路241~270號,18.97,住,,,1081221,土地1建物1車位0,十二層,十六層,住宅大樓(11層含以上有電梯),住家用,鋼筋混凝土造,0890819,124.38,3,2,2,有,有,11000000,88439,,0.0,0,,RPOPMLTKKHPFFDF78CA,16,0,0.0
汐止區,房地(土地+建物),新北市汐止區龍安路181~210號,26.82,住,,,1081231,土地1建物1車位0,十一層,十六層,住宅大樓(11層含以上有電梯),住家用,鋼筋混凝土造,0820505,144.61,3,2,2,有,有,16900000,116866,,0.0,0,,RPXNMLPJKHPFFDF98CA,16,0,0.0
新店區,房地(土地+建物),新北市新店區寶橋路78巷31~60號,11.57,住,,,1081228,土地1建物1車位0,七層,二十三層,住宅大樓(11層含以上有電梯),住家用,鋼筋混凝土造,1020829,120.29,3,2,2,有,有,18880000,156954,,0.0,0,含增建或未登記建物。;,RPXOMLNJKHPFFCF78CA,23,0,0.0
新店區,房地(土地+建物)+車位,新北市新店區達觀路8巷1~30號,51.06,,山坡地保育區,丙種建築用地,1081208,土地5建物1車位1,十一層,十九層,住宅大樓(11層含以上有電梯),住家用,鋼筋混凝土造,0850627,151.52,3,2,2,有,有,8450000,55768,坡道平面,0.0,0,,RPPOMLNJKHPFFCF97CA,19,1,0.0
新莊區,房地(土地+建物)+車位,新北市新莊區鳳山街1~30號,17.27,其他,,,1081224,土地1建物1車位1,五層,十四層,住宅大樓(11層含以上有電梯),住家用,鋼筋混凝土造,0890621,165.82999999999998,3,2,2,有,有,13200000,79600,坡道平面,28.62,0,,RPWPMLMKKHPFFBF68CA,14,1,2278152.0
土城區,房地(土地+建物),新北市土城區學府路一段91~120號,20.82,住,,,1081226,土地1建物1車位0,十三層,十四層,住宅大樓(11層含以上有電梯),住家用,鋼筋混凝土造,0840311,131.3,3,2,2,有,有,12600000,95963,,0.0,0,,RPOSMLMKKHPFFAF08CA,14,0,0.0
桃園區,房地(土地+建物),桃園市桃園區國豐三街1~30號,7.43,住,,,1090101,土地1建物1車位0,五層,十七層,住宅大樓(11層含以上有電梯),住家用,鋼筋混凝土造,0841215,62.730000000000004,2,2,1,有,有,3400000,54201,,0.0,0,,RPSRMLLLJHPFFAH48CA,17,0,0.0
桃園區,房地(土地+建物),桃園市桃園區大業路一段181~210號,9.29,住,,,1081215,土地1建物1車位0,十三層,十三層,住宅大樓(11層含以上有電梯),住家用,鋼筋混凝土造,0940302,87.0,2,1,1,有,有,5880000,67586,,0.0,0,,RPPOMLLMJHPFFAH97CA,13,0,0.0
桃園區,房地(土地+建物)+車位,桃園市桃園區國豐三街91~120號,10.83,商,,,1081203,土地1建物1車位1,十五層,十五層,住宅大樓(11層含以上有電梯),住家用,鋼筋混凝土造,1040706,109.31,2,2,1,有,有,7400000,67697,坡道機械,13.55,0,,RPPPMLLMJHPFFAH08CA,15,1,917294.3500000001
桃園區,房地(土地+建物),桃園市桃園區莊敬路一段210巷31~60號,8.63,住,,,1081118,土地1建物1車位0,十一層，十二層,二十八層,住宅大樓(11層含以上有電梯),住家用,鋼筋混凝土造,0860419,56.77,1,1,1,有,有,4000000,70460,,0.0,0,親友、員工或其他特殊關係間之交易。;,RPSPMLNJKHPFFAH38CA,28,0,0.0
桃園區,房地(土地+建物)+車位,桃園市桃園區新生路91~120號,10.92,商,,,1081107,土地2建物1車位1,八層,十五層,住宅大樓(11層含以上有電梯),住家用,鋼筋混凝土造,1080528,112.8,2,2,1,有,有,7000000,62057,坡道機械,14.24,0,,RPVNMLNJKHPFFAH48CA,15,1,883691.68
桃園區,房地(土地+建物)+車位,桃園市桃園區正光路181~210號,30.6,住,,,1080726,土地1建物1車位2,十一層,十三層,住宅大樓(11層含以上有電梯),住家用,鋼筋混凝土造,1081101,256.51,3,2,2,有,有,19800000,102475,坡道平面,94.52,3200000,,RPVPMLPJKHPFFAH88CA,13,2,9685937.0
桃園區,房地(土地+建物)+車位,桃園市桃園區正光路181~210號,30.19,住,,,1080816,土地1建物1車位1,四層,十三層,住宅大樓(11層含以上有電梯),住家用,鋼筋混凝土造,1081101,209.35000000000002,3,2,2,有,有,16950000,95317,坡道平面,47.26,1500000,,RPWPMLPJKHPFFAH98CA,13,1,4504681.42
桃園區,房地(土地+建物)+車位,桃園市桃園區正光路181~210號,30.19,住,,,1080820,土地1建物1車位1,八層,十三層,住宅大樓(11層含以上有電梯),住家用,鋼筋混凝土造,1081101,209.35000000000002,3,2,2,有,有,17400000,98094,坡道平面,47.26,1500000,,RPXPMLPJKHPFFAH09CA,13,1,4635922.4399999995
桃園區,房地(土地+建物)+車位,桃園市桃園區正光路181~210號,30.19,住,,,1081030,土地1建物1車位1,九層,十三層,住宅大樓(11層含以上有電梯),住家用,鋼筋混凝土造,1081101,209.35000000000002,3,2,2,有,有,17550000,99019,坡道平面,47.26,1500000,,RPOQMLPJKHPFFAH28CA,13,1,4679637.9399999995
桃園區,房地(土地+建物)+車位,桃園市桃園區正光路181~210號,30.19,住,,,1080511,土地1建物1車位1,十層,十三層,住宅大樓(11層含以上有電梯),住家用,鋼筋混凝土造,1081101,209.35000000000002,3,2,2,有,有,17700000,99944,坡道平面,47.26,1500000,,RPQQMLPJKHPFFAH48CA,13,1,4723353.4399999995
桃園區,房地(土地+建物)+車位,桃園市桃園區正光路181~210號,30.6,住,,,1080906,土地1建物1車位2,十一層,十三層,住宅大樓(11層含以上有電梯),住家用,鋼筋混凝土造,1081101,256.61,3,2,2,有,有,19780000,102289,坡道平面,94.52,3200000,,RPRQMLPJKHPFFAH58CA,13,2,9668356.28
桃園區,房地(土地+建物)+車位,桃園市桃園區正光路203巷1~30號,24.85,住,,,1080911,土地1建物1車位1,四層,十三層,住宅大樓(11層含以上有電梯),住家用,鋼筋混凝土造,1081101,177.47,3,2,2,有,有,12485000,84748,坡道平面,47.26,1450000,,RPTQMLPJKHPFFAH78CA,13,1,4005190.48
桃園區,房地(土地+建物)+車位,桃園市桃園區正光路203巷1~30號,24.85,住,,,1080903,土地1建物1車位1,六層,十三層,住宅大樓(11層含以上有電梯),住家用,鋼筋混凝土造,1081101,177.47,3,2,2,有,有,12800000,86783,坡道平面,47.26,1500000,,RPRQMLRJKHPFFAH78CA,13,1,4101364.5799999996
桃園區,房地(土地+建物)+車位,桃園市桃園區正光路203巷1~30號,24.85,住,,,1080719,土地1建物1車位1,八層,十三層,住宅大樓(11層含以上有電梯),住家用,鋼筋混凝土造,1081101,177.47,3,2,2,有,有,13000000,88319,坡道平面,47.26,1500000,,RPSQMLRJKHPFFAH88CA,13,1,4173955.94
桃園區,房地(土地+建物)+車位,桃園市桃園區正光路203巷1~30號,24.85,住,,,1081030,土地1建物1車位1,九層,十三層,住宅大樓(11層含以上有電梯),住家用,鋼筋混凝土造,1081101,177.47,3,2,2,有,有,14750000,100991,坡道平面,47.26,1600000,,RPTQMLRJKHPFFAH98CA,13,1,4772834.66
桃園區,房地(土地+建物)+車位,桃園市桃園區正光路203巷1~30號,24.85,住,,,1080603,土地1建物1車位1,五層,十三層,住宅大樓(11層含以上有電梯),住家用,鋼筋混凝土造,1081101,177.51999999999998,3,2,2,有,有,13400000,91356,坡道平面,47.26,1500000,,RPUQMLRJKHPFFAH09CA,13,1,4317484.56
桃園區,房地(土地+建物)+車位,桃園市桃園區正光路203巷1~30號,24.85,住,,,1080505,土地1建物1車位1,六層,十三層,住宅大樓(11層含以上有電梯),住家用,鋼筋混凝土造,1081101,177.51999999999998,3,2,2,有,有,13320000,90742,坡道平面,47.26,1500000,,RPVQMLRJKHPFFAH56CA,13,1,4288466.92
桃園區,房地(土地+建物)+車位,桃園市桃園區正光路203巷1~30號,24.85,住,,,1080316,土地1建物1車位1,七層,十三層,住宅大樓(11層含以上有電梯),住家用,鋼筋混凝土造,1081101,177.51999999999998,3,2,2,有,有,13320000,90742,坡道平面,47.26,1500000,,RPWQMLRJKHPFFAH66CA,13,1,4288466.92
桃園區,房地(土地+建物),桃園市桃園區大興西路一段301~330號,13.14,住,,,1081228,土地1建物1車位0,三層,十七層,住宅大樓(11層含以上有電梯),住家用,鋼筋混凝土造,0860701,112.28,3,2,2,有,有,7550000,67243,,0.0,0,,RPROMLMKKHPFFAH18CA,17,0,0.0
中壢區,房地(土地+建物),桃園市中壢區九和三街1~30號,15.41,住,,,1081231,土地1建物1車位0,十層,十五層,住宅大樓(11層含以上有電梯),住家用,鋼筋混凝土造,0870804,131.09,4,2,2,有,有,9000000,68655,,0.0,0,,RPRRNLRKKHPFFBH56CA,15,0,0.0
楊梅區,房地(土地+建物)+車位,桃園市楊梅區金山街275巷1~30號,22.54,住,,,1090109,土地2建物1車位1,四層,十五層,住宅大樓(11層含以上有電梯),住家用,鋼筋混凝土造,1040925,153.61,3,2,2,有,無,6800000,44268,坡道平面,0.0,0,,RPUOMLMLJHPFFDH78CA,15,1,0.0
八德區,房地(土地+建物)+車位,桃園市八德區建德路241~270號,28.21,住,,,1081201,土地1建物1車位1,四層,十五層,住宅大樓(11層含以上有電梯),住家用,鋼筋混凝土造,1040420,157.92000000000002,3,2,2,有,有,7830000,49582,坡道平面,22.49,0,,RPWNMLLMJHPFFFH09CA,15,1,1115099.18
八德區,房地(土地+建物)+車位,桃園市八德區金和路61~90號,11.09,其他,,,1081224,土地1建物1車位1,二十三層,二十三層,住宅大樓(11層含以上有電梯),住家用,鋼筋混凝土造,1040827,152.81,3,2,2,有,有,12480000,81675,坡道平面,16.13,0,,RPSNMLQJKHPFFFH98CA,23,1,1317417.75
龜山區,房地(土地+建物)+車位,桃園市龜山區光榮路31~60號,34.58,住,,,1080312,土地1建物1車位1,九層,十四層,住宅大樓(11層含以上有電梯),住家用,鋼筋混凝土造,1081107,219.55,3,2,2,有,有,12700000,61190,坡道平面,37.33,1550000,,RPTNMLKMJHPFFHH88CA,14,1,2284222.6999999997
龜山區,房地(土地+建物)+車位,桃園市龜山區光榮路31~60號,27.88,住,,,1070916,土地1建物1車位1,七層,十四層,住宅大樓(11層含以上有電梯),住家用,鋼筋混凝土造,1081107,187.57999999999998,3,2,2,有,有,10350000,59333,坡道平面,40.95,1650000,,RPUNMLKMJHPFFHH98CA,14,1,2429686.35
龜山區,房地(土地+建物)+車位,桃園市龜山區光榮路31~60號,27.88,住,,,1070916,土地1建物1車位1,八層,十四層,住宅大樓(11層含以上有電梯),住家用,鋼筋混凝土造,1081107,187.57999999999998,3,2,2,有,有,10350000,59333,坡道平面,40.95,1650000,,RPVNMLKMJHPFFHH09CA,14,1,2429686.35
龜山區,房地(土地+建物)+車位,桃園市龜山區光榮路61~90號,21.82,住,,,1080429,土地1建物1車位1,十四層,十四層,住宅大樓(11層含以上有電梯),住家用,鋼筋混凝土造,1081107,155.24,3,2,2,有,有,8010000,57398,坡道平面,40.95,1450000,,RPXNMLKMJHPFFHH66CA,14,1,2350448.1
龜山區,房地(土地+建物)+車位,桃園市龜山區光榮路61~90號,25.95,住,,,1080601,土地1建物1車位1,十四層,十四層,住宅大樓(11層含以上有電梯),住家用,鋼筋混凝土造,1081107,173.75,3,2,2,有,有,10520000,66486,坡道平面,37.33,1450000,,RPOOMLKMJHPFFHH48CA,14,1,2481922.38
龜山區,房地(土地+建物)+車位,桃園市龜山區光榮路31~60號,27.88,住,,,1070922,土地1建物1車位1,八層,十四層,住宅大樓(11層含以上有電梯),住家用,鋼筋混凝土造,1081107,188.98000000000002,3,2,2,有,有,10500000,59678,坡道平面,42.36,1750000,,RPPOMLKMJHPFFHH58CA,14,1,2527960.08
龜山區,房地(土地+建物)+車位,桃園市龜山區光榮路31~60號,27.88,住,,,1071216,土地1建物1車位1,四層,十四層,住宅大樓(11層含以上有電梯),住家用,鋼筋混凝土造,1081107,183.95,3,2,2,有,有,9500000,54904,坡道平面,37.33,1450000,,RPQOMLKMJHPFFHH68CA,14,1,2049566.3199999998
龜山區,房地(土地+建物)+車位,桃園市龜山區光榮路31~60號,27.88,住,,,1080623,土地1建物1車位1,六層,十四層,住宅大樓(11層含以上有電梯),住家用,鋼筋混凝土造,1081107,183.95,3,2,2,有,有,10320000,60497,坡道平面,37.33,1450000,,RPROMLKMJHPFFHH78CA,14,1,2258353.01
龜山區,房地(土地+建物)+車位,桃園市龜山區光榮路61~90號,21.82,住,,,1071118,土地1建物1車位1,七層,十四層,住宅大樓(11層含以上有電梯),住家用,鋼筋混凝土造,1081107,153.49,3,2,2,有,有,8280000,58010,坡道平面,39.2,1650000,,RPSOMLKMJHPFFHH88CA,14,1,2273992.0
龜山區,房地(土地+建物)+車位,桃園市龜山區光榮路61~90號,21.82,住,,,1080706,土地1建物1車位1,九層,十四層,住宅大樓(11層含以上有電梯),住家用,鋼筋混凝土造,1081107,151.61,3,2,2,有,有,8600000,61253,坡道平面,37.33,1600000,,RPTOMLKMJHPFFHH98CA,14,1,2286574.4899999998
龜山區,房地(土地+建物),桃園市龜山區光榮路61~90號,24.46,住,,,1081019,土地1建物1車位0,八層,十四層,住宅大樓(11層含以上有電梯),住家用,鋼筋混凝土造,1081107,130.53,3,2,2,有,有,8050000,61672,,0.0,0,,RPUOMLKMJHPFFHH09CA,14,0,0.0
龜山區,房地(土地+建物)+車位,桃園市龜山區光榮路61~90號,24.85,住,,,1071209,土地1建物1車位1,三層,十四層,住宅大樓(11層含以上有電梯),住家用,鋼筋混凝土造,1081107,169.70999999999998,3,2,2,有,有,8580000,54249,坡道平面,39.2,1500000,,RPVOMLKMJHPFFHH56CA,14,1,2126560.8000000003
龜山區,房地(土地+建物)+車位,桃園市龜山區光榮路61~90號,24.81,住,,,1080622,土地1建物1車位1,九層,十四層,住宅大樓(11層含以上有電梯),住家用,鋼筋混凝土造,1081107,166.22,3,2,2,有,有,9580000,61518,坡道平面,35.69,1550000,,RPWOMLKMJHPFFHH66CA,14,1,2195577.42
龜山區,房地(土地+建物)+車位,桃園市龜山區光榮路61~90號,21.82,住,,,1081206,土地1建物1車位1,十二層,十四層,住宅大樓(11層含以上有電梯),住家用,鋼筋混凝土造,1081107,153.49,3,2,2,有,有,8780000,61948,坡道平面,39.2,1700000,,RPPPMLKMJHPFFHH68CA,14,1,2428361.6
桃園區,房地(土地+建物)+車位,桃園市桃園區民有十二街1~30號,29.85,住,,,1081222,土地1建物1車位2,五層,十四層,住宅大樓(11層含以上有電梯),住家用,鋼筋混凝土造,1030520,230.85000000000002,3,2,2,有,有,11550000,64728,坡道平面,92.58,2600000,,RPOOMLQJKHPFFAH28DA,14,2,5992518.24
桃園區,房地(土地+建物)+車位,桃園市桃園區成功路二段91~120號,14.89,住,,,1081224,土地1建物1車位1,三層,十三層,住宅大樓(11層含以上有電梯),住家用,鋼筋混凝土造,0830930,149.88,3,2,2,有,有,6000000,40032,升降平面,0.0,0,,RPSOMLOJKHPFFAH58EA,13,1,0.0
桃園區,房地(土地+建物)+車位,桃園市桃園區民族路241~270號,34.39,商,,,1081209,土地1建物1車位2,十一層,二十五層,住宅大樓(11層含以上有電梯),住家用,鋼筋混凝土造,0970901,376.32,4,3,3,有,有,25000000,66431,坡道平面,53.38,0,,RPQNMLNJLHPFFAH28EA,25,2,3546086.7800000003
八德區,房地(土地+建物)+車位,桃園市八德區廣興一路1~30號,21.19,商,,,1081207,土地1建物1車位1,五層,十五層,住宅大樓(11層含以上有電梯),住家用,鋼筋混凝土造,1030120,188.07,4,2,3,有,有,9600000,51483,坡道平面,24.91,1200000,,RPWNMLNJKHPFFFH56DA,15,1,1282441.53
八德區,房地(土地+建物)+車位,桃園市八德區中華路31~60號,9.86,住,,,1081221,土地1建物1車位1,七層,十五層,住宅大樓(11層含以上有電梯),住家用,鋼筋混凝土造,0970425,94.06,2,1,1,有,有,4480000,47629,坡道平面,23.28,0,,RPSOMLNJKHPFFFH88DA,15,1,1108803.12
桃園區,房地(土地+建物)+車位,桃園市桃園區經國路336巷61~90號,23.8,住,,,1081208,土地1建物1車位1,十三層,十三層,住宅大樓(11層含以上有電梯),住家用,鋼筋混凝土造,0951215,139.53,3,2,2,有,有,9600000,69404,坡道平面,19.94,1300000,含增建或未登記建物。,RPRPMLOJKHPFFAH48DA,13,1,1383915.76
平鎮區,房地(土地+建物)+車位,桃園市平鎮區新德街181~210號,17.47,商,,,1081210,土地1建物1車位1,十三層,十五層,住宅大樓(11層含以上有電梯),住家用,鋼筋混凝土造,1021201,173.81,4,2,2,有,有,9600000,55233,坡道平面,0.0,0,,RPPNMLRKKHPFFGH98CA,15,1,0.0
平鎮區,房地(土地+建物)+車位,桃園市平鎮區南京路241~270號,22.6,住,,,1081206,土地1建物1車位1,三層,十三層,住宅大樓(11層含以上有電梯),住家用,鋼筋混凝土造,1021209,154.08,2,2,2,有,有,6100000,39590,坡道平面,26.96,0,親友、員工或其他特殊關係間之交易。;,RPRPMLOJKHPFFGH98CA,13,1,1067346.4000000001
八德區,房地(土地+建物)+車位,桃園市八德區中華路271~300號,11.3,住,,,1081130,土地2建物2車位1,十三層,十五層,住宅大樓(11層含以上有電梯),住家用,鋼筋混凝土造,0841201,107.49000000000001,3,2,2,有,有,4700000,43725,坡道平面,0.0,0,,RPQOMLOJKHPFFFH68CA,15,1,0.0
八德區,房地(土地+建物)+車位,桃園市八德區豐吉路1~30號,26.92,住,,,1081214,土地1建物1車位1,四層,十三層,住宅大樓(11層含以上有電梯),住家用,鋼筋混凝土造,1031101,128.04,2,2,1,有,有,6650000,51937,坡道平面,0.0,0,,RPQNMLKMJHPFFFH38CA,13,1,0.0
蘆竹區,房地(土地+建物)+車位,桃園市蘆竹區忠孝西路31~60號,30.05,住,,,1080319,土地1建物1車位1,五層,十九層,住宅大樓(11層含以上有電梯),住家用,鋼筋混凝土造,1080918,171.85000000000002,3,2,2,有,有,13550000,82679,坡道平面,27.91,1650000,,RPRNMLSKKHPFFEH09CA,19,1,2307570.89
蘆竹區,房地(土地+建物)+車位,桃園市蘆竹區忠孝西路31~60號,35.39,住,,,1081124,土地1建物1車位1,十二層,十九層,住宅大樓(11層含以上有電梯),住家用,鋼筋混凝土造,1080918,200.51,3,2,2,有,有,17500000,92171,坡道平面,31.26,1900000,,RPTNMLSKKHPFFEH66CA,19,1,2881265.46
蘆竹區,房地(土地+建物)+車位,桃園市蘆竹區忠孝西路31~60號,31.74,住,,,1080501,土地1建物1車位1,五層,十九層,住宅大樓(11層含以上有電梯),住家用,鋼筋混凝土造,1080918,181.01999999999998,3,2,2,有,有,13850000,80592,坡道平面,29.02,1600000,,RPVNMLSKKHPFFEH86CA,19,1,2338779.84
蘆竹區,房地(土地+建物)+車位,桃園市蘆竹區忠孝西路31~60號,31.74,住,,,1071016,土地1建物1車位1,八層,十九層,住宅大樓(11層含以上有電梯),住家用,鋼筋混凝土造,1080918,183.44,3,2,2,有,有,14050000,80263,坡道平面,31.44,1850000,,RPWNMLSKKHPFFEH96CA,19,1,2523468.72
蘆竹區,房地(土地+建物)+車位,桃園市蘆竹區忠孝西路31~60號,31.74,住,,,1081203,土地1建物1車位1,七層,十九層,住宅大樓(11層含以上有電梯),住家用,鋼筋混凝土造,1080918,179.91,3,2,2,有,有,13980000,77710,坡道平面,0.0,0,,RPUOMLRJKHPFFEH66CA,19,1,0.0
蘆竹區,房地(土地+建物)+車位,桃園市蘆竹區錦明街61~90號,50.21,住,,,1081128,土地1建物2車位3,四層,十五層,住宅大樓(11層含以上有電梯),住家用,鋼筋混凝土造,1041126,342.95,4,2,2,有,有,21080000,68746,坡道平面,88.68,3600000,,RPUOMLPJKHPFFEH09CA,15,3,6096395.28
中壢區,房地(土地+建物),桃園市中壢區龍慈路239巷1~30號,9.77,住,,,1090101,土地1建物1車位0,十七層,十八層,住宅大樓(11層含以上有電梯),住家用,鋼筋混凝土造,0890302,121.58,3,2,2,有,有,4900000,40303,,0.0,0,,RPOPMLKMJHPFFBH97CA,18,0,0.0
桃園區,房地(土地+建物)+車位,桃園市桃園區經國路211~240號,14.35,住,,,1081122,土地1建物1車位1,五層,十三層,住宅大樓(11層含以上有電梯),住家用,鋼筋混凝土造,0920613,137.91,3,2,2,有,有,8800000,63805,坡道平面,0.0,0,,RPXNMLRKKHPFFAH56CA,13,1,0.0
桃園區,房地(土地+建物)+車位,桃園市桃園區文中三路121~150號,23.45,住,,,1081207,土地1建物1車位1,八層,十五層,住宅大樓(11層含以上有電梯),住家用,鋼筋混凝土造,1070824,175.17000000000002,3,2,2,有,有,12450000,71074,坡道平面,0.0,0,,RPTRMLRKKHPFFAH56CA,15,1,0.0
桃園區,房地(土地+建物)+車位,桃園市桃園區力行路271~300號,20.73,住,,,1081229,土地1建物1車位1,九層,十三層,住宅大樓(11層含以上有電梯),住家用,鋼筋混凝土造,1061124,151.05,3,2,2,有,有,11350000,80704,坡道平面,27.14,1350000,,RPWOMLOKKHPFFAH88CA,13,1,2190306.56
桃園區,房地(土地+建物)+車位,桃園市桃園區正光路203巷1~30號,24.85,住,,,1080506,土地1建物1車位1,八層,十三層,住宅大樓(11層含以上有電梯),住家用,鋼筋混凝土造,1081101,177.51999999999998,3,2,2,有,有,13420000,90742,坡道平面,47.26,1600000,,RPORMLRJKHPFFAH58CA,13,1,4288466.92
桃園區,房地(土地+建物)+車位,桃園市桃園區正光路203巷1~30號,24.85,住,,,1080423,土地1建物1車位1,九層,十三層,住宅大樓(11層含以上有電梯),住家用,鋼筋混凝土造,1081101,177.51999999999998,3,2,2,有,有,13420000,90742,坡道平面,47.26,1600000,,RPPRMLRJKHPFFAH68CA,13,1,4288466.92
桃園區,房地(土地+建物)+車位,桃園市桃園區正光路203巷1~30號,24.85,住,,,1080731,土地1建物1車位1,十層,十三層,住宅大樓(11層含以上有電梯),住家用,鋼筋混凝土造,1081101,177.51999999999998,3,2,2,有,有,14000000,95962,坡道平面,47.26,1500000,,RPRRMLRJKHPFFAH88CA,13,1,4535164.12
桃園區,房地(土地+建物)+車位,桃園市桃園區正光路203巷1~30號,25.06,住,,,1080710,土地1建物1車位2,十層,十三層,住宅大樓(11層含以上有電梯),住家用,鋼筋混凝土造,1081101,225.03000000000003,3,2,2,有,有,15480000,95625,坡道平面,94.52,3000000,,RPVRMLRJKHPFFAH66CA,13,2,9038475.0
桃園區,房地(土地+建物)+車位,桃園市桃園區正光路181~210號,30.6,住,,,1081216,土地1建物1車位2,三層,十三層,住宅大樓(11層含以上有電梯),住家用,鋼筋混凝土造,1081101,256.51,3,2,2,有,有,19100000,97537,坡道平面,94.52,3300000,,RPWRMLRJKHPFFAH76CA,13,2,9219197.24
桃園區,房地(土地+建物)+車位,桃園市桃園區正光路203巷1~30號,24.85,住,,,1081216,土地1建物1車位1,三層,十三層,住宅大樓(11層含以上有電梯),住家用,鋼筋混凝土造,1081101,177.47,3,2,2,有,有,12870000,85401,坡道平面,47.26,1750000,,RPXRMLRJKHPFFAH86CA,13,1,4036051.26
桃園區,房地(土地+建物)+車位,桃園市桃園區中正路1111~1140號,39.72,商,,,1081204,土地1建物1車位2,二十三層,三十八層,住宅大樓(11層含以上有電梯),住家用,見其他登記事項,1011102,476.02,4,2,4,有,有,56000000,117642,坡道平面,46.78,0,,RPWNMLKKKHPFFAH38CA,38,2,5503292.76
桃園區,房地(土地+建物)+車位,桃園市桃園區民族路181~210號,13.58,住,,,1081205,土地2建物1車位1,三層,二十二層,住宅大樓(11層含以上有電梯),住家用,鋼筋混凝土造,1080131,126.14999999999999,2,1,1,有,有,11030000,102731,坡道平面,29.49,1100000,,RPQQMLRJKHPFFAH68CA,22,1,3029537.19
桃園區,房地(土地+建物)+車位,桃園市桃園區經國路61~90號,43.87,住,,,1081024,土地1建物1車位2,三層,二十九層,住宅大樓(11層含以上有電梯),住家用,鋼筋混凝土造,1060824,319.25,4,2,3,有,有,27700000,86766,坡道平面,0.0,0,,RPRRMLOJKHPFFAH58CA,29,2,0.0
桃園區,房地(土地+建物),桃園市桃園區國際路一段1171~1200號,7.15,住,,,1081127,土地1建物1車位0,七層,二十五層,住宅大樓(11層含以上有電梯),住家用,鋼筋混凝土造,0861128,77.19000000000001,2,2,1,有,有,4200000,54411,,0.0,0,,RPRPMLLMJHPFFAH28CA,25,0,0.0
桃園區,房地(土地+建物)+車位,桃園市桃園區龍城一街61~90號,20.4,住,,,1081221,土地1建物1車位1,十五層,十五層,住宅大樓(11層含以上有電梯),住家用,鋼筋混凝土造,1080515,150.46,3,2,2,有,有,8020000,59219,坡道平面,40.36,1500000,,RPSOMLKMJHPFFAH18CA,15,1,2390078.84
桃園區,房地(土地+建物)+車位,桃園市桃園區龍城一街31~60號,27.3,住,,,1081221,土地1建物1車位1,三層,十五層,住宅大樓(11層含以上有電梯),住家用,鋼筋混凝土造,1080515,189.04,4,2,2,有,有,11260000,65644,坡道平面,40.36,1500000,,RPVOMLKMJHPFFAH48CA,15,1,2649391.84
桃園區,房地(土地+建物)+車位,桃園市桃園區龍城一街61~90號,15.11,住,,,1081125,土地1建物1車位1,十三層,十五層,住宅大樓(11層含以上有電梯),住家用,鋼筋混凝土造,1080515,120.93,2,2,1,有,有,6230000,58707,坡道平面,40.36,1500000,,RPXOMLKMJHPFFAH68CA,15,1,2369414.52
桃園區,房地(土地+建物)+車位,桃園市桃園區龍城一街61~90號,17.03,住,,,1081222,土地1建物1車位1,十三層,十五層,住宅大樓(11層含以上有電梯),住家用,鋼筋混凝土造,1070601,134.95,2,2,1,有,有,6620000,55921,坡道平面,40.71,1350000,,RPVNMLLMJHPFFAH48CA,15,1,2276543.91
桃園區,房地(土地+建物)+車位,桃園市桃園區文中三路121~150號,15.51,住,,,1090106,土地1建物1車位1,十一層,十五層,住宅大樓(11層含以上有電梯),住家用,鋼筋混凝土造,1070824,114.75,2,2,1,有,有,8400000,91917,坡道平面,40.77,1600000,,RPPPMLPJKHPFFAH28CA,15,1,3747456.0900000003
桃園區,房地(土地+建物)+車位,桃園市桃園區文中三路151~180號,16.14,住,,,1081230,土地1建物1車位1,十五層,十五層,住宅大樓(11層含以上有電梯),住家用,鋼筋混凝土造,1070824,133.22,2,2,1,有,有,9080000,77664,坡道平面,40.77,1900000,,RPQPMLPJKHPFFAH38CA,15,1,3166361.2800000003
桃園區,房地(土地+建物)+車位,桃園市桃園區文中三路151~180號,15.51,住,,,1090106,土地1建物1車位1,十五層,十五層,住宅大樓(11層含以上有電梯),住家用,鋼筋混凝土造,1070824,134.62,2,2,1,有,有,8600000,76864,坡道平面,43.55,1600000,,RPRPMLPJKHPFFAH48CA,15,1,3347427.1999999997
中壢區,房地(土地+建物)+車位,桃園市中壢區同慶路211~240號,13.83,住,,,1081218,土地1建物1車位1,五層,十四層,住宅大樓(11層含以上有電梯),住家用,鋼筋混凝土造,0931230,139.54000000000002,2,1,1,有,有,5800000,41565,坡道平面,23.17,0,,RPONNLNJKHPFFBH97CA,14,1,963061.05
中壢區,房地(土地+建物),桃園市中壢區華美一路121~150號,12.87,其他,,,1081226,土地1建物1車位0,九層,十四層,住宅大樓(11層含以上有電梯),住家用,鋼筋混凝土造,0950123,103.73,3,2,2,有,有,5160000,49745,,0.0,0,,RPXOMLOJKHPFFBH98CA,14,0,0.0
中壢區,房地(土地+建物)+車位,桃園市中壢區環北路331~360號,15.27,住,,,1081206,土地1建物1車位1,三層,二十二層,住宅大樓(11層含以上有電梯),住家用,鋼筋混凝土造,0980629,195.78,4,2,2,有,有,14900000,76106,坡道平面,32.58,0,親友、員工或其他特殊關係間之交易。;,RPWPMLOLKHPFFBH56CA,22,1,2479533.48
楊梅區,房地(土地+建物)+車位,桃園市楊梅區金德路1~30號,20.88,住,,,1081217,土地1建物1車位1,五層,十四層,住宅大樓(11層含以上有電梯),住家用,鋼筋混凝土造,1051108,163.97,2,2,2,有,有,8780000,62894,坡道平面,41.86,1100000,,RPRUMLNJKHPFFDH09CA,14,1,2632742.84
楊梅區,房地(土地+建物)+車位,桃園市楊梅區金山街301~330號,22.07,住,,,1090105,土地1建物1車位1,九層,十五層,住宅大樓(11層含以上有電梯),住家用,鋼筋混凝土造,1040525,159.64999999999998,3,2,2,有,有,6200000,38835,坡道平面,0.0,0,,RPWNMLPJKHPFFDH09CA,15,1,0.0
楊梅區,房地(土地+建物)+車位,桃園市楊梅區金山街275巷1~30號,17.42,住,,,1081213,土地3建物1車位1,十五層,十五層,住宅大樓(11層含以上有電梯),住家用,鋼筋混凝土造,1050901,127.74,2,2,1,有,有,4700000,36793,坡道平面,34.36,0,,RPQNMLNKKHPFFDH38CA,15,1,1264207.48
楊梅區,房地(土地+建物)+車位,桃園市楊梅區金山街275巷1~30號,23.32,住,,,1081217,土地2建物1車位2,十一層,十四層,住宅大樓(11層含以上有電梯),住家用,鋼筋混凝土造,1040925,185.82,3,2,2,有,有,6820000,36702,坡道平面,58.26,0,,RPRNMLNKKHPFFDH48CA,14,2,2138258.52
蘆竹區,房地(土地+建物)+車位,桃園市蘆竹區忠孝西路31~60號,32.09,住,,,1081204,土地1建物1車位1,三層,十九層,住宅大樓(11層含以上有電梯),住家用,鋼筋混凝土造,1080918,185.1,3,2,2,有,有,16000000,91654,坡道平面,31.26,1900000,,RPQOMLSKKHPFFEH09CA,19,1,2865104.04
蘆竹區,房地(土地+建物)+車位,桃園市蘆竹區忠孝西路31~60號,35.18,住,,,1081123,土地1建物1車位1,三層,十九層,住宅大樓(11層含以上有電梯),住家用,鋼筋混凝土造,1080918,199.9,3,2,2,有,有,17430000,92683,坡道平面,31.26,1800000,,RPROMLSKKHPFFEH56CA,19,1,2897270.58
平鎮區,房地(土地+建物)+車位,桃園市平鎮區振平街139巷1~30號,28.64,住,,,1081209,土地1建物1車位1,六層,十三層,住宅大樓(11層含以上有電梯),住家用,鋼筋混凝土造,1030721,167.57,3,2,2,有,有,9300000,55499,坡道平面,0.0,0,,RPPOMLLMJHPFFGH58CA,13,1,0.0
平鎮區,房地(土地+建物)+車位,桃園市平鎮區延平路二段1~30號,9.09,住,,,1081215,土地1建物1車位1,六層,十五層,住宅大樓(11層含以上有電梯),住家用,鋼筋混凝土造,1011029,99.97999999999999,2,2,1,有,有,6200000,62012,坡道機械,11.88,0,,RPPOMLOKKHPFFGH78CA,15,1,736702.56
平鎮區,房地(土地+建物)+車位,桃園市平鎮區中豐路202巷1~30號,15.99,住,,,1090101,土地1建物1車位1,十九層,十九層,住宅大樓(11層含以上有電梯),住家用,鋼筋混凝土造,0860501,154.65,3,2,2,有,無,5500000,35564,坡道平面,0.0,0,,RPQOMLNKKHPFFGH78CA,19,1,0.0
中壢區,房地(土地+建物)+車位,桃園市中壢區元化路331~360號,13.01,商,,,1081214,土地1建物1車位1,十三層,二十二層,住宅大樓(11層含以上有電梯),住家用,鋼筋混凝土造,0970406,195.61,4,2,1,有,有,16600000,96885,坡道平面,41.82,1700000,,RPVQMLQJKHPFFBH66DA,22,1,4051730.7
八德區,房地(土地+建物)+車位,桃園市八德區中正路32巷1~30號,19.64,商,,,1081215,土地3建物1車位1,十層,十四層,住宅大樓(11層含以上有電梯),住家用,鋼筋混凝土造,1001024,160.79000000000002,3,2,2,有,有,7200000,44779,坡道平面,30.0,0,,RPUNMLMKKHPFFFH98DA,14,1,1343370.0
蘆竹區,房地(土地+建物),桃園市蘆竹區中山路128巷1~30號,13.62,住,,,1081225,土地1建物1車位0,三層,十三層,住宅大樓(11層含以上有電梯),住家用,鋼筋混凝土造,0811224,114.13,4,2,2,有,有,6300000,55200,,0.0,0,,RPPOMLKKKHPFFEH28DA,13,0,0.0
桃園區,房地(土地+建物)+車位,桃園市桃園區大有路451~480號,23.9,住,,,1081211,土地1建物1車位1,一層,十四層,住宅大樓(11層含以上有電梯),住家用,鋼筋混凝土造,1030610,159.3,3,2,2,有,有,11580000,72693,坡道平面,37.48,0,含增建或未登記建物。;,RPVPMLMKKHPFFAH78DA,14,1,2724533.6399999997
桃園區,房地(土地+建物)+車位,桃園市桃園區中埔二街61~90號,9.45,住,,,1081204,土地1建物1車位1,四層,十五層,住宅大樓(11層含以上有電梯),住家用,鋼筋混凝土造,0940425,103.49,2,2,1,有,有,7200000,69572,坡道平面,0.0,1400000,含增建或未登記建物。;,RPWNMLQJKHPFFAH98DA,15,1,0.0
龜山區,房地(土地+建物)+車位,桃園市龜山區長峰路61~90號,24.91,住,,,1081218,土地1建物1車位2,十八層,十八層,住宅大樓(11層含以上有電梯),住家用,鋼筋混凝土造,1030224,223.58,3,2,2,有,有,10500000,46963,坡道平面,0.0,0,,RPQOMLKLKHPFFHH68CA,18,2,0.0
平鎮區,房地(土地+建物)+車位,桃園市平鎮區中正三路91~120號,25.78,商,,,1081214,土地1建物1車位2,十四層,二十層,住宅大樓(11層含以上有電梯),住家用,鋼筋混凝土造,1040511,283.93,4,2,3,有,有,13550000,47723,坡道平面,0.0,0,,RPVNMLNJKHPFFGH09CA,20,2,0.0
八德區,房地(土地+建物)+車位,桃園市八德區豐德路211~240號,28.98,住,,,1081227,土地1建物1車位1,七層,十五層,住宅大樓(11層含以上有電梯),住家用,鋼筋混凝土造,1030819,153.54,3,2,2,有,有,7910000,51518,坡道平面,0.0,0,,RPQNMLMJLHPFFFH48CA,15,1,0.0
蘆竹區,房地(土地+建物)+車位,桃園市蘆竹區南山路一段31~60號,11.13,住,,,1081218,土地1建物1車位1,十八層,二十層,住宅大樓(11層含以上有電梯),住家用,鋼筋混凝土造,0840925,171.68,3,2,2,有,有,7000000,40774,坡道平面,0.0,0,,RPOPMLOJKHPFFEH48CA,20,1,0.0
楊梅區,房地(土地+建物)+車位,桃園市楊梅區金德路1~30號,23.3,住,,,1081214,土地1建物1車位1,九層,十四層,住宅大樓(11層含以上有電梯),住家用,鋼筋混凝土造,1051108,174.51,2,2,2,有,有,8880000,58651,坡道平面,41.86,1100000,,RPSUMLNJKHPFFDH56CA,14,1,2455130.86
龍潭區,房地(土地+建物)+車位,桃園市龍潭區百年二街15巷1~30號,44.29,,鄉村區,乙種建築用地,1081229,土地2建物3車位1,四層,十四層,住宅大樓(11層含以上有電梯),住家用,鋼筋混凝土造,0860130,181.11,3,2,2,有,有,5800000,32025,坡道平面,40.33,0,,RPUOMLOJKHPFFCH78CA,14,1,1291568.25
中壢區,房地(土地+建物),桃園市中壢區元化路271~300號,11.47,住,,,1081207,土地2建物1車位0,十九層,二十一層,住宅大樓(11層含以上有電梯),住家用,鋼筋混凝土造,0820809,112.25,3,2,2,有,有,6900000,61470,,0.0,0,,RPQQMLOJKHPFFBH48CA,21,0,0.0
桃園區,房地(土地+建物)+車位,桃園市桃園區莊一街31~60號,80.83,住,,,1081216,土地1建物1車位2,五層,十四層,住宅大樓(11層含以上有電梯),住家用,鋼筋混凝土造,0950316,383.28999999999996,4,2,4,有,有,35000000,91315,坡道平面,0.0,0,,RPSQMLKLKHPFFAH38CA,14,2,0.0
桃園區,房地(土地+建物)+車位,桃園市桃園區長春路31~60號,31.04,住,,,1090108,土地1建物1車位1,七層,十四層,住宅大樓(11層含以上有電梯),住家用,鋼筋混凝土造,1080321,217.89999999999998,3,2,2,有,有,15200000,71044,坡道平面,26.47,1600000,,RPUOMLPLKHPFFAH88CA,14,1,1880534.68
桃園區,房地(土地+建物),桃園市桃園區大興西路一段323巷1~30號,14.75,住,,,1081119,土地1建物1車位0,二層,十七層,住宅大樓(11層含以上有電梯),住家用,鋼筋混凝土造,0860701,130.23000000000002,4,2,2,有,有,9000000,69109,,0.0,0,,RPSPMLOKKHPFFAH58CA,17,0,0.0
桃園區,房地(土地+建物)+車位,桃園市桃園區中正路1381~1410號,15.53,住,,,1081119,土地1建物1車位1,五層,二十層,住宅大樓(11層含以上有電梯),住家用,鋼筋混凝土造,0860519,168.26,4,2,2,有,有,9000000,53489,坡道平面,0.0,0,,RPPPMLPKKHPFFAH38CA,20,1,0.0
桃園區,房地(土地+建物)+車位,桃園市桃園區國際路二段121~150號,12.7,住,,,1081208,土地1建物1車位1,五層,十七層,住宅大樓(11層含以上有電梯),住家用,鋼筋混凝土造,0841212,144.24,3,2,2,有,有,6450000,44717,坡道平面,0.0,0,,RPTQMLKKKHPFFAH38CA,17,1,0.0
桃園區,房地(土地+建物)+車位,桃園市桃園區文中三路1~30號,10.48,住,,,1090103,土地1建物1車位1,七層,十五層,住宅大樓(11層含以上有電梯),住家用,鋼筋混凝土造,1081015,89.6,1,2,1,有,有,6520000,75869,坡道平面,25.41,1650000,,RPUQMLPJKHPFFAH88CA,15,1,1927831.29
桃園區,房地(土地+建物)+車位,桃園市桃園區文中三路61~90號,17.24,住,,,1080611,土地1建物1車位1,三層,十五層,住宅大樓(11層含以上有電梯),住家用,鋼筋混凝土造,1081015,134.29,3,2,2,有,有,10000000,77052,坡道平面,26.57,1700000,,RPSQMLPJKHPFFAH68CA,15,1,2047271.6400000001
桃園區,房地(土地+建物)+車位,桃園市桃園區新埔八街1~30號,62.9,住,,,1081210,土地1建物1車位2,二十一層,二十七層,住宅大樓(11層含以上有電梯),住家用,鋼筋混凝土造,1020620,427.84000000000003,4,2,3,有,有,39500000,92324,坡道平面,48.28,0,,RPVOMLQJKHPFFAH88CA,27,2,4457402.72
桃園區,房地(土地+建物),桃園市桃園區民有十二街61~90號,15.09,商,,,1081217,土地1建物1車位0,七層,十三層,住宅大樓(11層含以上有電梯),住家用,鋼筋混凝土造,0950918,126.02,3,2,2,有,有,7300000,57927,,0.0,0,,RPRPMLNJKHPFFAH28CA,13,0,0.0
桃園區,房地(土地+建物),桃園市桃園區大興西路二段31~60號,7.41,住,,,1081129,土地1建物1車位0,七層,二十三層,住宅大樓(11層含以上有電梯),住家用,鋼筋混凝土造,0840225,77.43,2,2,1,有,有,5150000,66512,,0.0,0,,RPQQMLOJKHPFFAH38CA,23,0,0.0
桃園區,房地(土地+建物)+車位,桃園市桃園區文中三路61~90號,16.48,住,,,1081216,土地1建物1車位1,七層,十五層,住宅大樓(11層含以上有電梯),住家用,鋼筋混凝土造,1081015,129.42,3,2,1,有,有,9030000,72241,坡道平面,26.57,1600000,,RPWQMLOJKHPFFAH98CA,15,1,1919443.37
桃園區,房地(土地+建物)+車位,桃園市桃園區文中三路61~90號,17.24,住,,,1080730,土地1建物1車位1,五層,十五層,住宅大樓(11層含以上有電梯),住家用,鋼筋混凝土造,1081015,134.29,3,2,2,有,有,9320000,71667,坡道平面,26.57,1600000,,RPXQMLOJKHPFFAH09CA,15,1,1904192.19
桃園區,房地(土地+建物)+車位,桃園市桃園區文中三路1~30號,17.24,住,,,1090106,土地1建物1車位1,十二層,十五層,住宅大樓(11層含以上有電梯),住家用,鋼筋混凝土造,1081015,134.29,3,2,2,有,有,9460000,72039,坡道平面,26.57,1700000,,RPRNMLPJKHPFFAH28CA,15,1,1914076.23
桃園區,房地(土地+建物)+車位,桃園市桃園區文中三路31~60號,11.95,住,,,1081210,土地1建物1車位1,五層,十五層,住宅大樓(11層含以上有電梯),住家用,鋼筋混凝土造,1081015,100.14,2,2,1,有,有,7330000,77885,坡道平面,26.57,1600000,,RPTNMLPJKHPFFAH48CA,15,1,2069404.45
桃園區,房地(土地+建物)+車位,桃園市桃園區文中三路61~90號,17.24,住,,,1081113,土地1建物1車位1,八層,十五層,住宅大樓(11層含以上有電梯),住家用,鋼筋混凝土造,1081015,134.29,3,2,2,有,有,9700000,73338,坡道平面,26.57,1800000,,RPWNMLPJKHPFFAH78CA,15,1,1948590.66
桃園區,房地(土地+建物)+車位,桃園市桃園區大有路541~570號,12.24,住,,,1081222,土地2建物1車位1,八層,十四層,住宅大樓(11層含以上有電梯),住家用,鋼筋混凝土造,0840610,132.61,3,2,2,有,有,6400000,48262,坡道平面,0.0,0,,RPQNMLNJKHPFFAH97CA,14,1,0.0
桃園區,房地(土地+建物)+車位,桃園市桃園區經國路511~540號,11.4,住,,,1081219,土地1建物1車位1,十二層,十四層,住宅大樓(11層含以上有電梯),住家用,鋼筋混凝土造,0890515,124.33,3,2,2,有,有,7780000,62575,坡道機械,0.0,0,,RPRQMLNJKHPFFAH38CA,14,1,0.0
桃園區,房地(土地+建物)+車位,桃園市桃園區經國路336巷31~60號,23.22,住,,,1081215,土地1建物1車位1,十三層,十三層,住宅大樓(11層含以上有電梯),住家用,鋼筋混凝土造,0951215,133.63,3,2,2,有,有,8880000,66452,坡道平面,19.94,0,,RPSQMLNJKHPFFAH48CA,13,1,1325052.8800000001
桃園區,房地(土地+建物)+車位,桃園市桃園區經國一路151~180號,14.1,商,,,1081226,土地1建物1車位1,三層,二十一層,住宅大樓(11層含以上有電梯),住家用,鋼筋混凝土造,1070814,128.29,2,2,1,有,有,9100000,77306,坡道平面,29.98,1500000,,RPPNMLOJKHPFFAH97CA,21,1,2317633.88
桃園區,房地(土地+建物)+車位,桃園市桃園區經國一路151~180號,14.1,商,,,1081225,土地1建物1車位1,四層,二十一層,住宅大樓(11層含以上有電梯),住家用,鋼筋混凝土造,1070814,128.29,2,2,1,有,有,8730000,74051,坡道平面,29.98,1450000,,RPQNMLOJKHPFFAH08CA,21,1,2220048.98
桃園區,房地(土地+建物)+車位,桃園市桃園區經國一路151~180號,18.25,商,,,1081225,土地1建物1車位1,七層,二十一層,住宅大樓(11層含以上有電梯),住家用,鋼筋混凝土造,1070814,153.92000000000002,3,2,2,有,有,11010000,76731,坡道平面,29.98,1500000,,RPRNMLOJKHPFFAH18CA,21,1,2300395.38
